Customer ID,Customer_Name,Segment,Region,Recency,Frequency,Monetary,R_Score,F_Score,M_Score,RFM_Score,Cluster,RFM_Label
AA-10315,Alex Avila,Consumer,Central,185.0,5.0,-362.8825,2,2,1,5,2,Needs Attention
AA-10375,Allen Armold,Consumer,West,20.0,9.0,277.3824,5,5,3,13,4,Champions
AA-10480,Andrew Allen,Consumer,South,260.0,4.0,435.8274,1,1,4,6,1,Needs Attention
AA-10645,Anna Andreadi,Consumer,East,56.0,6.0,857.8033,3,3,5,11,0,Loyal Customers
AB-10015,Aaron Bergman,Consumer,West,413.5,3.0,129.3465,1,1,2,4,1,Needs Attention
AB-10060,Adam Bellavance,Home Office,East,55.0,8.0,1345.1,3,4,5,12,0,Loyal Customers
AB-10105,Adrian Barton,Consumer,West,42.0,10.0,1345.1,4,5,5,14,0,Champions
AB-10150,Aimee Bixby,Consumer,East,42.0,5.0,313.6597,4,2,3,9,3,Potential Loyalists
AB-10165,Alan Barnes,Consumer,West,26.0,8.0,220.813,5,4,3,12,4,Loyal Customers
AB-10255,Alejandro Ballentine,Home Office,East,167.0,9.0,264.5675,2,5,3,10,4,Loyal Customers
AB-10600,Ann Blume,Corporate,West,51.0,4.0,-274.9604,4,1,1,6,3,Needs Attention
AC-10420,Alyssa Crouse,Corporate,West,233.0,3.0,-62.1342,1,1,1,3,1,At Risk
AC-10450,Amy Cox,Consumer,Central,12.0,7.0,1345.1,5,3,5,13,0,Champions
AC-10615,Ann Chong,Corporate,East,7.0,5.0,298.8273,5,2,3,10,3,Loyal Customers
AC-10660,Anna Chung,Consumer,Central,283.0,5.0,-28.700399999999995,1,2,1,4,1,Needs Attention
AD-10180,Alan Dominguez,Home Office,Central,30.0,8.0,1345.1,4,4,5,13,0,Champions
AF-10870,Art Ferguson,Consumer,Central,42.0,7.0,317.9712,4,3,3,10,4,Loyal Customers
AF-10885,Art Foster,Consumer,South,413.5,4.0,-163.1175,1,1,1,3,1,At Risk
AG-10270,Alejandro Grove,Consumer,West,279.0,5.0,732.7399,1,2,5,8,1,Potential Loyalists
AG-10300,Aleksandra Gannaway,Corporate,West,119.0,4.0,59.288399999999996,2,1,2,5,3,Needs Attention
AG-10330,Alex Grayson,Consumer,West,9.0,5.0,-5.137100000000006,5,2,1,8,3,Potential Loyalists
AG-10390,Allen Goldenen,Consumer,East,115.0,5.0,69.2784,2,2,2,6,3,Needs Attention
AG-10495,Andrew Gjertsen,Corporate,East,79.0,8.0,295.6668,3,4,3,10,4,Loyal Customers
AG-10525,Andy Gerbode,Corporate,South,413.5,4.0,-152.7613,1,1,1,3,1,At Risk
AG-10675,Anna Gayman,Consumer,Central,98.0,7.0,-246.42570000000003,3,3,1,7,2,Potential Loyalists
AG-10765,Anthony Garverick,Home Office,East,78.0,4.0,-8.431000000000001,3,1,1,5,3,Needs Attention
AG-10900,Arthur Gainer,Consumer,West,97.0,10.0,343.6824,3,5,4,12,4,Loyal Customers
AH-10030,Aaron Hawkins,Corporate,East,13.0,7.0,365.2152,5,3,4,12,4,Loyal Customers
AH-10075,Adam Hart,Corporate,East,35.0,10.0,281.189,4,5,3,12,4,Loyal Customers
AH-10120,Adrian Hane,Home Office,West,61.0,7.0,-2.3145999999999773,3,3,1,7,2,Potential Loyalists
AH-10195,Alan Haines,Corporate,South,56.0,4.0,-378.5509,3,1,1,5,3,Needs Attention
AH-10210,Alan Hwang,Consumer,West,7.0,9.0,1308.5546,5,5,5,15,0,Champions
AH-10465,Amy Hunt,Consumer,East,231.0,5.0,-196.12009999999998,1,2,1,4,1,Needs Attention
AH-10585,Angele Hood,Consumer,Central,22.0,4.0,83.96300000000001,5,1,2,8,3,Potential Loyalists
AH-10690,Anna Häberlin,Corporate,East,411.0,12.0,1298.0166,1,5,5,11,0,Loyal Customers
AI-10855,Arianne Irving,Consumer,East,14.0,10.0,867.7271000000001,5,5,5,15,0,Champions
AJ-10780,Anthony Jacobs,Corporate,South,76.0,7.0,150.71300000000005,3,3,2,8,4,Potential Loyalists
AJ-10795,Anthony Johnson,Corporate,South,167.0,7.0,1158.7064,2,3,5,10,0,Loyal Customers
AJ-10945,Ashley Jarboe,Consumer,South,86.0,7.0,521.1351999999999,3,3,4,10,4,Loyal Customers
AJ-10960,Astrea Jones,Consumer,East,75.0,3.0,60.4265,3,1,2,6,3,Needs Attention
AM-10360,Alice McCarthy,Corporate,Central,29.0,5.0,194.9878,4,2,3,9,3,Potential Loyalists
AM-10705,Anne McFarland,Consumer,South,163.0,8.0,1085.7326,2,4,5,11,0,Loyal Customers
AO-10810,Anthony O'Donnell,Corporate,West,413.5,1.0,12.096,1,1,2,4,1,Needs Attention
AP-10720,Anne Pryor,Home Office,East,42.0,8.0,285.7888,4,4,3,11,4,Loyal Customers
AP-10915,Arthur Prichep,Consumer,South,99.0,10.0,579.3113,3,5,4,12,4,Loyal Customers
AR-10345,Alex Russell,Corporate,East,112.0,4.0,-221.0544,2,1,1,4,3,Needs Attention
AR-10405,Allen Rosenblatt,Corporate,East,126.0,5.0,-98.7646,2,2,1,5,3,Needs Attention
AR-10510,Andrew Roberts,Consumer,East,15.0,5.0,43.6695,5,2,2,9,3,Potential Loyalists
AR-10540,Andy Reiter,Consumer,East,7.0,6.0,1345.1,5,3,5,13,0,Champions
AR-10570,Anemone Ratner,Consumer,South,413.5,1.0,32.633,1,1,2,4,1,Needs Attention
AR-10825,Anthony Rawles,Corporate,West,59.0,8.0,494.83519999999993,3,4,4,11,4,Loyal Customers
AS-10045,Aaron Smayling,Corporate,South,89.0,7.0,-253.57459999999998,3,3,1,7,2,Potential Loyalists
AS-10090,Adam Shillingsburg,Consumer,South,29.0,9.0,64.53739999999998,4,5,2,11,4,Loyal Customers
AS-10135,Adrian Shami,Home Office,East,42.0,2.0,21.8496,4,1,2,7,3,Potential Loyalists
AS-10225,Alan Schoenberger,Corporate,East,23.0,5.0,719.7751000000001,5,2,5,12,3,Loyal Customers
AS-10240,Alan Shonely,Consumer,South,193.0,7.0,33.715799999999994,2,3,2,7,4,Potential Loyalists
AS-10285,Alejandro Savely,Corporate,West,20.0,6.0,354.62760000000003,5,3,4,12,3,Loyal Customers
AS-10630,Ann Steele,Home Office,Central,93.0,7.0,136.49190000000002,3,3,2,8,4,Potential Loyalists
AT-10435,Alyssa Tate,Home Office,West,22.0,6.0,100.87680000000002,5,3,2,10,3,Loyal Customers
AT-10735,Annie Thurman,Consumer,West,14.0,10.0,974.107,5,5,5,15,0,Champions
AW-10840,Anthony Witt,Consumer,Central,21.0,4.0,65.77250000000001,5,1,2,8,3,Potential Loyalists
AW-10930,Arthur Wiediger,Home Office,Central,47.0,7.0,-104.5486,4,3,1,8,2,Potential Loyalists
AY-10555,Andy Yotov,Corporate,West,15.0,4.0,103.3499,5,1,2,8,3,Potential Loyalists
AZ-10750,Annie Zypern,Consumer,East,161.0,6.0,154.9503,2,3,3,8,3,Potential Loyalists
BB-10990,Barry Blumstein,Corporate,West,106.0,5.0,11.583900000000007,2,2,2,6,3,Needs Attention
BB-11545,Brenda Bowman,Corporate,Central,29.0,9.0,1015.0749999999999,4,5,5,14,0,Champions
BC-11125,Becky Castell,Home Office,West,203.0,9.0,251.5974,2,5,3,10,4,Loyal Customers
BD-11320,Bill Donatelli,Consumer,West,34.0,12.0,1094.5037,4,5,5,14,0,Champions
BD-11500,Bradley Drucker,Consumer,Central,36.0,6.0,1142.1225,4,3,5,12,0,Loyal Customers
BD-11560,Brendan Dodson,Home Office,West,279.0,2.0,116.714,1,1,2,4,1,Needs Attention
BD-11605,Brian Dahlen,Consumer,East,98.0,7.0,634.8463,3,3,4,10,4,Loyal Customers
BD-11620,Brian DeCherney,Consumer,West,70.0,6.0,206.75689999999997,3,3,3,9,3,Potential Loyalists
BD-11635,Brian Derr,Consumer,South,10.0,3.0,141.53400000000002,5,1,2,8,3,Potential Loyalists
BD-11725,Bruce Degenhardt,Consumer,South,94.0,6.0,333.9791,3,3,4,10,3,Loyal Customers
BD-11770,Bryan Davis,Consumer,Central,328.0,6.0,141.265,1,3,2,6,1,Needs Attention
BE-11335,Bill Eplett,Home Office,Central,120.0,5.0,1345.1,2,2,5,9,0,Potential Loyalists
BE-11410,Bobby Elias,Consumer,East,99.0,5.0,755.9150999999999,3,2,5,10,3,Loyal Customers
BE-11455,Brad Eason,Home Office,Central,255.0,6.0,139.20080000000002,1,3,2,6,1,Needs Attention
BF-10975,Barbara Fisher,Corporate,South,92.0,7.0,227.4384,3,3,3,9,4,Potential Loyalists
BF-11005,Barry Franz,Home Office,West,40.0,4.0,-291.38109999999995,4,1,1,6,3,Needs Attention
BF-11020,Barry Französisch,Corporate,Central,75.0,8.0,302.02,3,4,3,10,4,Loyal Customers
BF-11080,Bart Folk,Consumer,East,26.0,3.0,110.9272,5,1,2,8,3,Potential Loyalists
BF-11170,Ben Ferrer,Home Office,West,17.0,11.0,1345.1,5,5,5,15,0,Champions
BF-11215,Benjamin Farhat,Home Office,West,66.0,4.0,523.2133,3,1,4,8,3,Potential Loyalists
BF-11275,Beth Fritzler,Corporate,West,58.0,3.0,25.870199999999997,3,1,2,6,3,Needs Attention
BG-11035,Barry Gonzalez,Consumer,South,29.0,8.0,-711.4274,4,4,1,9,2,Potential Loyalists
BG-11695,Brooke Gillingham,Corporate,East,37.0,6.0,107.5715,4,3,2,9,3,Potential Loyalists
BG-11740,Bruce Geld,Consumer,East,58.0,6.0,119.34790000000001,3,3,2,8,3,Potential Loyalists
BH-11710,Brosina Hoffman,Consumer,West,24.0,8.0,802.7898,5,4,5,14,0,Champions
BK-11260,Berenike Kampe,Consumer,East,78.0,6.0,-63.764399999999995,3,3,1,7,3,Potential Loyalists
BM-11140,Becky Martin,Consumer,Central,308.0,4.0,-748.5,1,1,1,3,1,At Risk
BM-11575,Brendan Murry,Corporate,East,101.0,6.0,95.58160000000001,3,3,2,8,3,Potential Loyalists
BM-11650,Brian Moss,Corporate,East,34.0,11.0,1345.1,4,5,5,14,0,Champions
BM-11785,Bryan Mills,Consumer,East,219.0,10.0,137.7439,2,5,2,9,4,Potential Loyalists
BN-11470,Brad Norvell,Corporate,South,25.0,4.0,36.6131,5,1,2,8,3,Potential Loyalists
BN-11515,Bradley Nguyen,Consumer,West,10.0,5.0,340.7054,5,2,4,11,3,Loyal Customers
BO-11350,Bill Overfelt,Corporate,West,138.0,5.0,278.77700000000004,2,2,3,7,3,Potential Loyalists
BO-11425,Bobby Odegard,Consumer,South,76.0,2.0,59.4522,3,1,2,6,3,Needs Attention
BP-11050,Barry Pond,Corporate,East,84.0,5.0,209.78300000000002,3,2,3,8,3,Potential Loyalists
BP-11095,Bart Pistole,Corporate,Central,18.0,12.0,433.9751,5,5,4,14,4,Champions
BP-11155,Becky Pak,Consumer,South,90.0,6.0,647.3847000000001,3,3,4,10,3,Loyal Customers
BP-11185,Ben Peterman,Corporate,West,2.0,9.0,363.5991,5,5,4,14,4,Champions
BP-11230,Benjamin Patterson,Consumer,West,40.0,5.0,-197.2695,4,2,1,7,3,Potential Loyalists
BP-11290,Beth Paige,Consumer,Central,13.0,7.0,-319.0637,5,3,1,9,2,Potential Loyalists
BS-11365,Bill Shonely,Corporate,East,413.5,5.0,1345.1,1,2,5,8,1,Potential Loyalists
BS-11380,Bill Stewart,Corporate,Central,29.0,5.0,-17.532200000000024,4,2,1,7,3,Potential Loyalists
BS-11590,Brendan Sweed,Corporate,West,36.0,6.0,381.7807,4,3,4,11,3,Loyal Customers
BS-11665,Brian Stugart,Consumer,East,413.5,3.0,238.73680000000002,1,1,3,5,1,Needs Attention
BS-11755,Bruce Stewart,Consumer,West,2.0,7.0,-113.29840000000003,5,3,1,9,2,Potential Loyalists
BS-11800,Bryan Spruell,Home Office,East,266.0,2.0,194.0516,1,1,3,5,1,Needs Attention
BT-11305,Beth Thompson,Home Office,West,337.0,5.0,417.5918,1,2,4,7,1,Potential Loyalists
BT-11395,Bill Tyler,Corporate,Central,303.0,6.0,257.9163,1,3,3,7,1,Potential Loyalists
BT-11440,Bobby Trafton,Consumer,West,413.5,4.0,-77.5256,1,1,1,3,1,At Risk
BT-11485,Brad Thomas,Home Office,East,413.5,2.0,126.8694,1,1,2,4,1,Needs Attention
BT-11530,Bradley Talbott,Home Office,West,92.0,5.0,409.4983,3,2,4,9,3,Potential Loyalists
BT-11680,Brian Thompson,Consumer,East,21.0,7.0,447.74839999999995,5,3,4,12,4,Loyal Customers
BV-11245,Benjamin Venier,Corporate,Central,335.0,5.0,315.2214,1,2,3,6,1,Needs Attention
BW-11065,Barry Weirich,Consumer,South,213.0,3.0,-58.28659999999999,2,1,1,4,3,Needs Attention
BW-11110,Bart Watters,Corporate,Central,122.0,8.0,921.2574,2,4,5,11,0,Loyal Customers
BW-11200,Ben Wallace,Consumer,South,204.0,6.0,246.9973,2,3,3,8,3,Potential Loyalists
CA-11965,Carol Adams,Corporate,South,97.0,6.0,1143.3817,3,3,5,11,0,Loyal Customers
CA-12055,Cathy Armstrong,Home Office,Central,402.0,5.0,211.2559,1,2,3,6,1,Needs Attention
CA-12265,Christina Anderson,Consumer,Central,57.0,9.0,279.6183,3,5,3,11,4,Loyal Customers
CA-12310,Christine Abelman,Corporate,East,14.0,4.0,246.02179999999998,5,1,3,9,3,Potential Loyalists
CA-12775,Cynthia Arntzen,Consumer,South,121.0,7.0,204.48950000000002,2,3,3,8,4,Potential Loyalists
CB-12025,Cassandra Brandow,Consumer,East,48.0,10.0,150.2089,4,5,2,11,4,Loyal Customers
CB-12415,Christy Brittain,Consumer,East,27.0,8.0,272.3883,5,4,3,12,4,Loyal Customers
CB-12535,Claudia Bergmann,Corporate,South,198.0,8.0,1049.5601,2,4,5,11,0,Loyal Customers
CC-12100,Chad Cunningham,Home Office,Central,413.5,6.0,208.5912,1,3,3,7,1,Potential Loyalists
CC-12145,Charles Crestani,Consumer,West,107.0,7.0,392.2825,2,3,4,9,4,Potential Loyalists
CC-12220,Chris Cortes,Consumer,Central,21.0,12.0,393.9618,5,5,4,14,4,Champions
CC-12370,Christopher Conant,Consumer,South,44.0,5.0,1345.1,4,2,5,11,0,Loyal Customers
CC-12430,Chuck Clark,Home Office,Central,1.0,10.0,424.6583,5,5,4,14,4,Champions
CC-12475,Cindy Chapman,Consumer,East,40.0,9.0,154.851,4,5,3,12,4,Loyal Customers
CC-12550,Clay Cheatham,Consumer,West,28.0,3.0,33.870599999999996,4,1,2,7,3,Potential Loyalists
CC-12610,Corey Catlett,Corporate,East,35.0,7.0,331.434,4,3,4,11,4,Loyal Customers
CC-12670,Craig Carreira,Consumer,East,30.0,7.0,187.8399,4,3,3,10,4,Loyal Customers
CC-12685,Craig Carroll,Consumer,South,413.5,4.0,850.1591,1,1,5,7,1,Potential Loyalists
CD-11920,Carlos Daly,Consumer,West,41.0,5.0,426.661,4,2,4,10,3,Loyal Customers
CD-11980,Carol Darley,Consumer,Central,55.0,3.0,-206.7172,3,1,1,5,3,Needs Attention
CD-12280,Christina DeMoss,Consumer,West,43.0,2.0,233.0274,4,1,3,8,3,Potential Loyalists
CD-12790,Cynthia Delaney,Home Office,West,400.0,5.0,403.8422,1,2,4,7,1,Potential Loyalists
CG-12040,Catherine Glotzbach,Home Office,East,50.0,6.0,86.5106,4,3,2,9,3,Potential Loyalists
CG-12520,Claire Gute,Consumer,South,339.0,3.0,169.93439999999998,1,1,3,5,1,Needs Attention
CH-12070,Cathy Hwang,Home Office,South,413.5,3.0,195.15109999999999,1,1,3,5,1,Needs Attention
CJ-11875,Carl Jackson,Corporate,East,366.0,1.0,1.652,1,1,2,4,1,Needs Attention
CJ-12010,Caroline Jumper,Consumer,West,190.0,8.0,858.7414,2,4,5,11,0,Loyal Customers
CK-12205,Chloris Kastensmidt,Consumer,East,40.0,12.5,141.2831,4,5,2,11,4,Loyal Customers
CK-12325,Christine Kargatis,Home Office,West,121.0,5.0,261.22090000000003,2,2,3,7,3,Potential Loyalists
CK-12595,Clytie Kelty,Consumer,East,44.0,11.0,497.70980000000003,4,5,4,13,4,Champions
CK-12760,Cyma Kinney,Corporate,East,83.0,9.0,-338.4311,3,5,1,9,2,Potential Loyalists
CL-11890,Carl Ludwig,Consumer,East,107.0,4.0,328.0847,2,1,4,7,3,Potential Loyalists
CL-12565,Clay Ludtke,Consumer,Central,285.0,12.0,1345.1,1,5,5,11,0,Loyal Customers
CL-12700,Craig Leslie,Home Office,Central,106.0,5.0,229.00990000000002,2,2,3,7,3,Potential Loyalists
CM-11815,Candace McMahon,Corporate,Central,132.0,6.0,214.463,2,3,3,8,3,Potential Loyalists
CM-11935,Carlos Meador,Consumer,South,413.5,2.0,-43.732400000000005,1,1,1,3,1,At Risk
CM-12115,Chad McGuire,Consumer,East,9.0,4.0,409.0679,5,1,4,10,3,Loyal Customers
CM-12160,Charles McCrossin,Consumer,Central,27.0,6.0,-394.3686,5,3,1,9,2,Potential Loyalists
CM-12190,Charlotte Melton,Consumer,East,9.0,6.0,91.2033,5,3,2,10,3,Loyal Customers
CM-12235,Chris McAfee,Consumer,Central,386.0,5.0,365.0387,1,2,4,7,1,Potential Loyalists
CM-12385,Christopher Martinez,Consumer,South,38.0,4.0,1345.1,4,1,5,10,0,Loyal Customers
CM-12445,Chuck Magee,Consumer,West,413.5,3.0,64.4296,1,1,2,4,1,Needs Attention
CM-12655,Corinna Mitchell,Home Office,West,28.0,6.0,1345.1,4,3,5,12,0,Loyal Customers
CM-12715,Craig Molinari,Corporate,Central,413.5,4.0,176.3108,1,1,3,5,1,Needs Attention
CP-12085,Cathy Prescott,Corporate,East,83.0,8.0,427.0258,3,4,4,11,4,Loyal Customers
CP-12340,Christine Phan,Corporate,East,161.0,8.0,-748.5,2,4,1,7,2,Potential Loyalists
CR-12580,Clay Rozendal,Home Office,Central,58.0,4.0,74.40129999999999,3,1,2,6,3,Needs Attention
CR-12625,Corey Roper,Home Office,East,413.5,3.0,144.7594,1,1,2,4,1,Needs Attention
CR-12730,Craig Reiter,Consumer,East,79.0,4.0,306.9176,3,1,3,7,3,Potential Loyalists
CR-12820,Cyra Reiten,Home Office,East,86.0,3.0,83.27029999999999,3,1,2,6,3,Needs Attention
CS-11845,Cari Sayre,Corporate,West,92.0,5.0,185.3776,3,2,3,8,3,Potential Loyalists
CS-11860,Cari Schnelling,Consumer,South,163.0,6.0,105.8275,2,3,2,7,3,Potential Loyalists
CS-11950,Carlos Soltero,Consumer,Central,26.0,11.0,-126.4223,5,5,1,11,4,Loyal Customers
CS-12130,Chad Sievert,Consumer,West,413.5,4.0,143.8339,1,1,2,4,1,Needs Attention
CS-12175,Charles Sheldon,Corporate,South,233.0,5.0,113.1405,1,2,2,5,1,Needs Attention
CS-12250,Chris Selesnick,Corporate,South,27.0,12.0,738.3626,5,5,5,15,4,Champions
CS-12355,Christine Sundaresam,Consumer,South,7.0,11.0,831.9432,5,5,5,15,4,Champions
CS-12400,Christopher Schild,Home Office,Central,3.0,9.0,-342.80330000000004,5,5,1,11,2,Loyal Customers
CS-12460,Chuck Sachs,Consumer,South,28.0,2.0,156.2593,4,1,3,8,3,Potential Loyalists
CS-12490,Cindy Schnelling,Corporate,Central,413.5,4.0,-302.8761,1,1,1,3,1,At Risk
CS-12505,Cindy Stewart,Consumer,South,59.0,6.0,-748.5,3,3,1,7,2,Potential Loyalists
CT-11995,Carol Triggs,Consumer,Central,97.0,8.0,161.22629999999995,3,4,3,10,4,Loyal Customers
CV-12295,Christina VanderZanden,Consumer,West,255.0,5.0,493.0861,1,2,4,7,1,Potential Loyalists
CV-12805,Cynthia Voltz,Corporate,East,6.0,9.0,98.99749999999999,5,5,2,12,4,Loyal Customers
CW-11905,Carl Weiss,Home Office,Central,23.0,6.0,370.8298,5,3,4,12,3,Loyal Customers
CY-12745,Craig Yedwab,Corporate,West,61.0,8.0,60.64670000000001,3,4,2,9,4,Potential Loyalists
Co-12640,Corey-Lock,Consumer,East,413.5,5.0,205.62820000000002,1,2,3,6,1,Needs Attention
DA-13450,Dianna Arnett,Home Office,Central,353.0,4.0,56.7904,1,1,2,4,1,Needs Attention
DB-12910,Daniel Byrd,Home Office,South,22.0,8.0,431.3748,5,4,4,13,4,Champions
DB-12970,Darren Budd,Corporate,West,242.0,5.0,213.00289999999998,1,2,3,6,1,Needs Attention
DB-13060,Dave Brooks,Consumer,West,17.0,7.0,473.0272,5,3,4,12,4,Loyal Customers
DB-13120,David Bremer,Corporate,West,49.0,7.0,-748.5,4,3,1,8,2,Potential Loyalists
DB-13210,Dean Braden,Consumer,Central,10.0,10.0,169.9679,5,5,3,13,4,Champions
DB-13270,Deborah Brumfield,Home Office,West,54.0,8.0,841.8263999999999,4,4,5,13,0,Champions
DB-13360,Dennis Bolton,Home Office,East,265.0,5.0,291.0085,1,2,3,6,1,Needs Attention
DB-13405,Denny Blanton,Consumer,Central,188.0,4.0,438.9092,2,1,4,7,3,Potential Loyalists
DB-13555,Dorothy Badders,Corporate,South,108.0,7.0,109.32700000000001,2,3,2,7,4,Potential Loyalists
DB-13615,Doug Bickford,Consumer,West,34.0,7.0,438.80119999999994,4,3,4,11,4,Loyal Customers
DB-13660,Duane Benoit,Consumer,East,13.0,7.0,177.67350000000002,5,3,3,11,4,Loyal Customers
DC-12850,Dan Campbell,Consumer,South,38.0,9.0,-748.5,4,5,1,10,2,Loyal Customers
DC-13285,Debra Catini,Consumer,Central,24.0,5.0,132.06820000000002,5,2,2,9,3,Potential Loyalists
DD-13570,Dorothy Dickinson,Consumer,Central,42.0,6.0,36.4344,4,3,2,9,3,Potential Loyalists
DE-13255,Deanra Eno,Home Office,East,413.5,5.0,464.47139999999996,1,2,4,7,1,Potential Loyalists
DF-13135,David Flashing,Consumer,West,413.5,3.0,-259.3097,1,1,1,3,1,At Risk
DG-13300,Deirdre Greer,Corporate,East,33.0,5.0,562.7761,4,2,4,10,3,Loyal Customers
DH-13075,Dave Hallsten,Corporate,South,278.0,6.0,1193.7404,1,3,5,9,0,Potential Loyalists
DH-13675,Duane Huffman,Home Office,East,413.5,4.0,116.667,1,1,2,4,1,Needs Attention
DJ-13420,Denny Joy,Corporate,South,413.5,4.0,483.03499999999997,1,1,4,6,1,Needs Attention
DJ-13510,Don Jones,Corporate,South,49.0,8.0,345.2521,4,4,4,12,4,Loyal Customers
DJ-13630,Doug Jacobs,Consumer,East,13.0,3.0,731.5644,5,1,5,11,3,Loyal Customers
DK-12835,Damala Kotsonis,Corporate,West,22.0,12.0,881.1228000000001,5,5,5,15,4,Champions
DK-12895,Dana Kaydos,Consumer,Central,46.0,5.0,937.6496,4,2,5,11,0,Loyal Customers
DK-12985,Darren Koutras,Consumer,South,8.0,5.0,-107.35379999999998,5,2,1,8,3,Potential Loyalists
DK-13090,Dave Kipp,Consumer,West,43.0,7.0,536.3935,4,3,4,11,4,Loyal Customers
DK-13150,David Kendrick,Corporate,Central,11.0,2.0,249.9447,5,1,3,9,3,Potential Loyalists
DK-13225,Dean Katz,Corporate,East,11.0,9.0,209.89940000000004,5,5,3,13,4,Champions
DK-13375,Dennis Kane,Consumer,East,20.0,8.0,377.0799,5,4,4,13,4,Champions
DL-12865,Dan Lawera,Consumer,East,101.0,8.0,322.2449,3,4,4,11,4,Loyal Customers
DL-12925,Daniel Lacy,Consumer,West,58.0,6.0,4.213200000000029,3,3,2,8,3,Potential Loyalists
DL-13315,Delfina Latchford,Consumer,East,23.0,8.0,288.8732,5,4,3,12,4,Loyal Customers
DL-13330,Denise Leinenbach,Consumer,West,58.0,4.0,222.6812,3,1,3,7,3,Potential Loyalists
DL-13495,Dionis Lloyd,Corporate,West,77.0,8.0,-52.78799999999997,3,4,1,8,4,Potential Loyalists
DM-12955,Dario Medina,Corporate,Central,115.0,7.0,108.7583,2,3,2,7,4,Potential Loyalists
DM-13015,Darrin Martin,Consumer,West,58.0,7.0,1345.1,3,3,5,11,0,Loyal Customers
DM-13345,Denise Monton,Corporate,South,23.0,8.0,1319.0586,5,4,5,14,0,Champions
DM-13525,Don Miller,Corporate,Central,413.5,3.0,199.7688,1,1,3,5,1,Needs Attention
DN-13690,Duane Noonan,Consumer,West,218.0,7.0,540.5405000000001,2,3,4,9,4,Potential Loyalists
DO-13435,Denny Ordway,Consumer,South,134.0,9.0,-38.90860000000001,2,5,1,8,4,Potential Loyalists
DO-13645,Doug O'Connell,Consumer,West,27.0,7.0,294.0676,5,3,3,11,4,Loyal Customers
DP-13000,Darren Powers,Consumer,Central,127.0,9.0,241.4524,2,5,3,10,4,Loyal Customers
DP-13105,Dave Poirier,Corporate,West,7.0,8.0,563.1761,5,4,4,13,4,Champions
DP-13165,David Philippe,Consumer,East,413.5,2.0,-40.93759999999999,1,1,1,3,1,At Risk
DP-13390,Dennis Pardue,Home Office,Central,359.0,9.0,1345.1,1,5,5,11,0,Loyal Customers
DR-12880,Dan Reichenbach,Corporate,Central,4.0,9.0,1345.1,5,5,5,15,0,Champions
DR-12940,Daniel Raglin,Home Office,East,51.0,8.0,1345.1,4,4,5,13,0,Champions
DS-13030,Darrin Sayre,Home Office,West,94.0,4.0,193.3319,3,1,3,7,3,Potential Loyalists
DS-13180,David Smith,Corporate,Central,24.0,9.0,163.6993,5,5,3,13,4,Champions
DV-13045,Darrin Van Huff,Corporate,West,20.0,5.0,-427.184,5,2,1,8,2,Potential Loyalists
DV-13465,Dianna Vittorini,Consumer,West,30.0,6.0,353.2127,4,3,4,11,3,Loyal Customers
DW-13195,David Wiener,Corporate,Central,70.0,6.0,-86.87379999999999,3,3,1,7,3,Potential Loyalists
DW-13480,Dianna Wilson,Home Office,Central,218.0,5.0,1345.1,2,2,5,9,0,Potential Loyalists
DW-13540,Don Weiss,Consumer,West,99.0,5.0,69.6672,3,2,2,7,3,Potential Loyalists
DW-13585,Dorothy Wardle,Corporate,East,243.0,7.0,-266.8966,1,3,1,5,2,Needs Attention
Dl-13600,Dorris liebe,Corporate,Central,120.0,5.0,175.2388,2,2,3,7,3,Potential Loyalists
Dp-13240,Dean percer,Home Office,West,85.0,11.0,333.36479999999995,3,5,4,12,4,Loyal Customers
EA-14035,Erin Ashbrook,Corporate,South,153.0,12.5,-52.74059999999998,2,5,1,8,4,Potential Loyalists
EB-13705,Ed Braxton,Corporate,East,49.0,9.0,13.621500000000005,4,5,2,11,4,Loyal Customers
EB-13750,Edward Becker,Corporate,West,36.0,10.0,-80.28599999999999,4,5,1,10,4,Loyal Customers
EB-13840,Ellis Ballard,Corporate,West,91.0,5.0,656.1988,3,2,4,9,3,Potential Loyalists
EB-13870,Emily Burns,Consumer,West,101.0,10.0,261.5315,3,5,3,11,4,Loyal Customers
EB-13930,Eric Barreto,Consumer,West,162.0,5.0,0.6042000000000058,2,2,1,5,3,Needs Attention
EB-13975,Erica Bern,Corporate,West,1.0,4.0,162.8781,5,1,3,9,3,Potential Loyalists
EB-14110,Eugene Barchas,Consumer,East,114.0,6.0,184.7656,2,3,3,8,3,Potential Loyalists
EB-14170,Evan Bailliet,Consumer,South,83.0,6.0,282.1701,3,3,3,9,3,Potential Loyalists
EC-14050,Erin Creighton,Consumer,East,54.0,5.0,96.4256,4,2,2,8,3,Potential Loyalists
ED-13885,Emily Ducich,Home Office,West,136.0,8.0,670.4435000000001,2,4,4,10,4,Loyal Customers
EG-13900,Emily Grady,Consumer,East,23.0,5.0,104.2656,5,2,2,9,3,Potential Loyalists
EH-13765,Edward Hooks,Corporate,East,136.0,12.0,1345.1,2,5,5,12,0,Loyal Customers
EH-13945,Eric Hoffmann,Consumer,West,218.0,8.0,53.53980000000001,2,4,2,8,4,Potential Loyalists
EH-13990,Erica Hackney,Consumer,South,406.0,6.0,150.3759,1,3,2,6,1,Needs Attention
EH-14005,Erica Hernandez,Home Office,West,3.0,7.0,-94.14079999999997,5,3,1,9,2,Potential Loyalists
EH-14125,Eugene Hildebrand,Home Office,Central,153.0,10.0,96.27019999999999,2,5,2,9,4,Potential Loyalists
EH-14185,Evan Henry,Consumer,South,106.0,6.0,242.1107,2,3,3,8,3,Potential Loyalists
EJ-13720,Ed Jacobs,Consumer,West,303.0,4.0,387.0176,1,1,4,6,1,Needs Attention
EJ-14155,Eva Jacobs,Consumer,South,58.0,5.0,451.87550000000005,3,2,4,9,3,Potential Loyalists
EK-13795,Eileen Kiefer,Home Office,West,45.0,4.0,97.10659999999999,4,1,2,7,3,Potential Loyalists
EL-13735,Ed Ludwig,Home Office,East,78.0,2.0,27.1154,3,1,2,6,3,Needs Attention
EM-13810,Eleni McCrary,Corporate,West,133.0,5.0,-133.8275,2,2,1,5,3,Needs Attention
EM-13825,Elizabeth Moffitt,Corporate,Central,56.0,8.0,682.5541999999999,3,4,4,11,4,Loyal Customers
EM-13960,Eric Murdock,Consumer,East,152.0,5.0,102.29599999999999,2,2,2,6,3,Needs Attention
EM-14065,Erin Mull,Consumer,East,48.0,4.0,40.15459999999999,4,1,2,7,3,Potential Loyalists
EM-14095,Eudokia Martin,Corporate,West,114.0,4.0,240.2362,2,1,3,6,3,Needs Attention
EM-14140,Eugene Moren,Home Office,West,49.0,6.0,1319.3655,4,3,5,12,0,Loyal Customers
EM-14200,Evan Minnotte,Home Office,South,159.0,3.0,21.7721,2,1,2,5,3,Needs Attention
EN-13780,Edward Nazzal,Consumer,East,288.0,4.0,496.1131,1,1,4,6,1,Needs Attention
EP-13915,Emily Phan,Consumer,Central,13.0,12.5,144.9578,5,5,2,12,4,Loyal Customers
ER-13855,Elpida Rittenbach,Corporate,Central,413.5,3.0,-295.7398,1,1,1,3,1,At Risk
ES-14020,Erica Smith,Consumer,West,41.0,5.0,1003.2935,4,2,5,11,0,Loyal Customers
ES-14080,Erin Smith,Corporate,South,29.0,9.0,246.6661,4,5,3,12,4,Loyal Customers
FA-14230,Frank Atkinson,Corporate,West,98.0,7.0,520.5229,3,3,4,10,4,Loyal Customers
FC-14245,Frank Carlisle,Home Office,East,71.0,7.0,1217.1662000000001,3,3,5,11,0,Loyal Customers
FC-14335,Fred Chung,Corporate,Central,185.0,7.0,714.2926,2,3,5,10,0,Loyal Customers
FG-14260,Frank Gastineau,Home Office,West,35.0,7.0,394.73969999999997,4,3,4,11,4,Loyal Customers
FH-14275,Frank Hawley,Corporate,Central,38.0,10.0,1073.2676,4,5,5,14,0,Champions
FH-14350,Fred Harton,Consumer,West,213.0,4.0,706.289,2,1,5,8,3,Potential Loyalists
FH-14365,Fred Hopkins,Corporate,East,6.0,8.0,1345.1,5,4,5,14,0,Champions
FM-14215,Filia McAdams,Corporate,East,8.0,10.0,249.6808,5,5,3,13,4,Champions
FM-14290,Frank Merwin,Home Office,West,37.0,9.0,198.10949999999997,4,5,3,12,4,Loyal Customers
FM-14380,Fred McMath,Consumer,West,146.0,9.0,191.4898,2,5,3,10,4,Loyal Customers
FO-14305,Frank Olsen,Consumer,East,39.0,10.0,215.59689999999998,4,5,3,12,4,Loyal Customers
FP-14320,Frank Preis,Consumer,West,24.0,8.0,406.44730000000004,5,4,4,13,4,Champions
FW-14395,Fred Wasserman,Corporate,South,363.0,3.0,23.491300000000003,1,1,2,4,1,Needs Attention
GA-14515,George Ashbrook,Consumer,West,150.0,8.0,840.899,2,4,5,11,0,Loyal Customers
GA-14725,Guy Armstrong,Consumer,East,6.0,11.0,136.70790000000002,5,5,2,12,4,Loyal Customers
GB-14530,George Bell,Corporate,East,63.0,11.0,7.837100000000003,3,5,2,10,4,Loyal Customers
GB-14575,Giulietta Baptist,Consumer,East,14.0,5.0,1135.8393,5,2,5,12,0,Loyal Customers
GD-14590,Giulietta Dortch,Corporate,East,6.0,4.0,230.93729999999996,5,1,3,9,3,Potential Loyalists
GG-14650,Greg Guthrie,Corporate,South,44.0,9.0,12.698500000000008,4,5,2,11,4,Loyal Customers
GH-14410,Gary Hansen,Home Office,West,76.0,9.0,-576.8335,3,5,1,9,2,Potential Loyalists
GH-14425,Gary Hwang,Consumer,West,51.0,4.0,1176.4181,4,1,5,10,0,Loyal Customers
GH-14485,Gene Hale,Corporate,Central,388.0,2.0,-95.4498,1,1,1,3,1,At Risk
GH-14665,Greg Hansen,Consumer,Central,3.0,2.0,-5.810200000000001,5,1,1,7,3,Potential Loyalists
GK-14620,Grace Kelly,Corporate,West,113.0,9.0,1345.1,2,5,5,12,0,Loyal Customers
GM-14440,Gary McGarr,Consumer,West,84.0,7.0,347.266,3,3,4,10,4,Loyal Customers
GM-14455,Gary Mitchum,Home Office,Central,17.0,6.0,793.2814000000001,5,3,5,13,0,Champions
GM-14500,Gene McClure,Consumer,East,107.0,10.0,441.3185,2,5,4,11,4,Loyal Customers
GM-14680,Greg Matthias,Consumer,West,153.0,6.0,35.48649999999999,2,3,2,7,3,Potential Loyalists
GM-14695,Greg Maxwell,Corporate,West,118.0,3.0,188.7235,2,1,3,6,3,Needs Attention
GP-14740,Guy Phonely,Corporate,East,413.5,2.0,31.837600000000002,1,1,2,4,1,Needs Attention
GR-14560,Georgia Rosenberg,Corporate,West,413.5,2.0,359.83320000000003,1,1,4,6,1,Needs Attention
GT-14635,Grant Thornton,Corporate,South,57.0,3.0,-748.5,3,1,1,5,2,Needs Attention
GT-14710,Greg Tran,Consumer,Central,37.0,11.0,1345.1,4,5,5,14,0,Champions
GT-14755,Guy Thornton,Consumer,Central,35.0,4.0,-6.139200000000002,4,1,1,6,3,Needs Attention
GW-14605,Giulietta Weimer,Consumer,West,29.0,7.0,-268.54229999999995,4,3,1,8,2,Potential Loyalists
GZ-14470,Gary Zandusky,Consumer,Central,8.0,9.0,1087.7539,5,5,5,15,0,Champions
GZ-14545,George Zrebassa,Corporate,East,158.0,4.0,828.661,2,1,5,8,3,Potential Loyalists
HA-14905,Helen Abelman,Consumer,East,70.0,7.0,270.8574,3,3,3,9,4,Potential Loyalists
HA-14920,Helen Andreada,Consumer,West,21.0,8.0,99.1445,5,4,2,11,4,Loyal Customers
HD-14785,Harold Dahlen,Home Office,East,413.5,3.0,-135.87599999999998,1,1,1,3,1,At Risk
HE-14800,Harold Engle,Corporate,Central,13.0,4.0,274.4028,5,1,3,9,3,Potential Loyalists
HF-14995,Herbert Flentye,Consumer,Central,22.0,7.0,-13.876799999999989,5,4,1,10,2,Loyal Customers
HG-14845,Harry Greene,Consumer,South,55.0,5.0,147.0032,3,2,2,7,3,Potential Loyalists
HG-14965,Henry Goldwyn,Corporate,West,24.0,12.0,-748.5,5,5,1,11,2,Loyal Customers
HG-15025,Hunter Glantz,Consumer,Central,7.0,7.0,804.6113,5,4,5,14,0,Champions
HH-15010,Hilary Holden,Corporate,West,73.0,2.0,86.7342,3,1,2,6,3,Needs Attention
HJ-14875,Heather Jas,Home Office,South,127.0,5.0,98.6548,2,2,2,6,3,Needs Attention
HK-14890,Heather Kirkland,Corporate,South,152.0,8.0,956.9451,2,4,5,11,0,Loyal Customers
HL-15040,Hunter Lopez,Consumer,Central,44.0,6.0,1345.1,4,3,5,12,0,Loyal Customers
HM-14860,Harry Marie,Corporate,East,3.0,10.0,1345.1,5,5,5,15,0,Champions
HM-14980,Henry MacAllister,Consumer,East,248.0,4.0,117.2755,1,1,2,4,1,Needs Attention
HP-14815,Harold Pawlan,Home Office,Central,31.0,7.0,373.8637,4,4,4,12,4,Loyal Customers
HR-14770,Hallie Redmond,Home Office,West,14.0,5.0,185.5794,5,2,3,10,3,Loyal Customers
HR-14830,Harold Ryan,Corporate,West,160.0,7.0,1196.9504,2,4,5,11,0,Loyal Customers
HW-14935,Helen Wasserman,Corporate,West,118.0,8.0,1345.1,2,4,5,11,0,Loyal Customers
HZ-14950,Henia Zydlo,Consumer,East,36.0,5.0,-130.3879,4,2,1,7,3,Potential Loyalists
IG-15085,Ivan Gibson,Consumer,West,72.0,4.0,320.4982,3,1,4,8,3,Potential Loyalists
IL-15100,Ivan Liston,Consumer,West,143.0,7.0,1121.937,2,4,5,11,0,Loyal Customers
IM-15055,Ionia McGrath,Consumer,West,410.0,3.0,975.7701,1,1,5,7,1,Potential Loyalists
IM-15070,Irene Maddox,Consumer,West,391.0,7.0,514.6527,1,4,4,9,1,Potential Loyalists
JA-15970,Joseph Airdo,Consumer,West,93.0,8.0,-748.5,3,4,1,8,2,Potential Loyalists
JB-15400,Jennifer Braxton,Corporate,Central,8.0,10.0,156.05319999999998,5,5,3,13,4,Champions
JB-15925,Joni Blumstein,Consumer,East,413.5,3.0,-286.9808,1,1,1,3,1,At Risk
JB-16000,Joy Bell-,Consumer,Central,44.0,7.0,126.76490000000001,4,4,2,10,4,Loyal Customers
JB-16045,Julia Barnett,Home Office,South,8.0,5.0,201.51850000000002,5,2,3,10,3,Loyal Customers
JC-15340,Jasper Cacioppo,Consumer,West,115.0,4.0,-0.35560000000000036,2,1,1,4,3,Needs Attention
JC-15385,Jenna Caffey,Consumer,West,176.0,1.0,502.92440000000005,2,1,4,7,3,Potential Loyalists
JC-15775,John Castell,Consumer,Central,159.0,9.0,279.56919999999997,2,5,3,10,4,Loyal Customers
JC-16105,Julie Creighton,Corporate,South,58.0,5.0,201.5952,3,2,3,8,3,Potential Loyalists
JD-15790,John Dryer,Consumer,Central,118.0,5.0,-266.55249999999995,2,2,1,5,2,Needs Attention
JD-15895,Jonathan Doherty,Corporate,East,395.0,11.0,1050.2667999999999,1,5,5,11,0,Loyal Customers
JD-16015,Joy Daniels,Consumer,Central,113.0,6.0,26.7605,2,3,2,7,3,Potential Loyalists
JD-16060,Julia Dunbar,Consumer,West,301.0,3.0,111.11410000000001,1,1,2,4,1,Needs Attention
JD-16150,Justin Deggeller,Corporate,Central,42.0,8.0,1345.1,4,4,5,13,0,Champions
JE-15475,Jeremy Ellison,Consumer,East,194.0,6.0,276.2197,2,3,3,8,3,Potential Loyalists
JE-15610,Jim Epp,Corporate,Central,49.0,7.0,1345.1,4,4,5,13,0,Champions
JE-15715,Joe Elijah,Consumer,West,47.0,10.0,1262.2926,4,5,5,14,0,Champions
JE-15745,Joel Eaton,Consumer,South,52.0,12.5,221.79670000000002,4,5,3,12,4,Loyal Customers
JE-16165,Justin Ellison,Corporate,Central,21.0,3.0,789.6476,5,1,5,11,3,Loyal Customers
JF-15190,Jamie Frazer,Consumer,West,66.0,7.0,575.1259,3,4,4,11,4,Loyal Customers
JF-15295,Jason Fortune-,Consumer,West,226.0,5.0,97.28899999999999,1,2,2,5,1,Needs Attention
JF-15355,Jay Fein,Consumer,Central,106.0,6.0,330.199,2,3,4,9,3,Potential Loyalists
JF-15415,Jennifer Ferguson,Consumer,East,3.0,6.0,635.6376,5,3,4,12,3,Loyal Customers
JF-15490,Jeremy Farry,Consumer,West,122.0,11.0,-18.06730000000001,2,5,1,8,4,Potential Loyalists
JF-15565,Jill Fjeld,Consumer,Central,55.0,8.0,1073.2088,3,4,5,12,0,Loyal Customers
JG-15115,Jack Garza,Consumer,West,413.5,3.0,684.1911,1,1,5,7,1,Potential Loyalists
JG-15160,James Galang,Consumer,West,2.0,11.0,1345.1,5,5,5,15,0,Champions
JG-15310,Jason Gross,Corporate,East,3.0,6.0,3.7976000000000063,5,3,2,10,3,Loyal Customers
JG-15805,John Grady,Corporate,East,224.0,6.0,206.1019,2,3,3,8,3,Potential Loyalists
JH-15430,Jennifer Halladay,Consumer,South,6.0,4.0,-24.077100000000005,5,1,1,7,3,Potential Loyalists
JH-15820,John Huston,Consumer,East,175.0,6.0,26.082199999999997,2,3,2,7,3,Potential Loyalists
JH-15910,Jonathan Howell,Consumer,West,42.0,7.0,-13.554499999999996,4,4,1,9,2,Potential Loyalists
JH-15985,Joseph Holt,Consumer,Central,30.0,6.0,-644.6982,4,3,1,8,2,Potential Loyalists
JH-16180,Justin Hirsh,Consumer,West,405.0,4.0,-96.95300000000002,1,1,1,3,1,At Risk
JJ-15445,Jennifer Jackson,Consumer,West,413.5,5.0,200.5558,1,2,3,6,1,Needs Attention
JJ-15760,Joel Jenkins,Home Office,South,413.5,2.0,34.449200000000005,1,1,2,4,1,Needs Attention
JK-15205,Jamie Kunitz,Consumer,West,62.0,5.0,1219.983,3,2,5,10,0,Loyal Customers
JK-15325,Jason Klamczynski,Corporate,Central,288.0,3.0,55.32769999999999,1,1,2,4,1,Needs Attention
JK-15370,Jay Kimmel,Consumer,West,45.0,8.0,330.2838,4,4,4,12,4,Loyal Customers
JK-15625,Jim Karlsson,Consumer,West,62.0,7.0,750.9485,3,4,5,12,0,Loyal Customers
JK-15640,Jim Kriz,Home Office,East,181.0,9.0,1172.5303,2,5,5,12,0,Loyal Customers
JK-15730,Joe Kamberova,Consumer,South,85.0,10.0,55.0483,3,5,2,10,4,Loyal Customers
JK-16090,Juliana Krohn,Consumer,Central,29.0,3.0,586.6625,4,1,4,9,3,Potential Loyalists
JK-16120,Julie Kriz,Home Office,Central,118.0,10.0,122.6566,2,5,2,9,4,Potential Loyalists
JL-15130,Jack Lebron,Consumer,Central,9.0,6.0,-207.79559999999998,5,3,1,9,2,Potential Loyalists
JL-15175,James Lanier,Home Office,South,7.0,5.0,209.2817,5,2,3,10,3,Loyal Customers
JL-15235,Janet Lee,Consumer,Central,120.0,5.0,54.51740000000002,2,2,2,6,3,Needs Attention
JL-15505,Jeremy Lonsdale,Consumer,East,50.0,6.0,591.7163,4,3,4,11,3,Loyal Customers
JL-15835,John Lee,Consumer,West,22.0,11.0,228.907,5,5,3,13,4,Champions
JL-15850,John Lucas,Consumer,East,413.5,6.0,779.9046,1,3,5,9,1,Potential Loyalists
JM-15250,Janet Martin,Consumer,South,38.0,6.0,19.82350000000004,4,3,2,9,3,Potential Loyalists
JM-15265,Janet Molinari,Corporate,East,38.0,5.0,502.6143,4,2,4,10,3,Loyal Customers
JM-15535,Jessica Myrick,Consumer,East,103.0,7.0,356.5395,3,4,4,11,4,Loyal Customers
JM-15580,Jill Matthias,Consumer,South,1.0,5.0,113.1204,5,2,2,9,3,Potential Loyalists
JM-15655,Jim Mitchum,Corporate,East,9.0,5.0,117.20400000000001,5,2,2,9,3,Potential Loyalists
JM-15865,John Murray,Consumer,East,110.0,7.0,1345.1,2,4,5,11,0,Loyal Customers
JM-16195,Justin MacKendrick,Consumer,West,58.0,10.0,754.1144,3,5,5,13,4,Champions
JO-15145,Jack O'Briant,Corporate,East,58.0,9.0,581.4045,3,5,4,12,4,Loyal Customers
JO-15280,Jas O'Carroll,Consumer,West,93.0,6.0,202.13619999999997,3,3,3,9,3,Potential Loyalists
JO-15550,Jesus Ocampo,Home Office,East,216.0,5.0,167.6709,2,2,3,7,3,Potential Loyalists
JP-15460,Jennifer Patt,Corporate,East,38.0,7.0,429.7465,4,4,4,12,4,Loyal Customers
JP-15520,Jeremy Pistek,Consumer,West,9.0,7.0,757.1802,5,4,5,14,0,Champions
JP-16135,Julie Prescott,Home Office,South,103.0,9.0,309.7116,3,5,3,11,4,Loyal Customers
JR-15670,Jim Radford,Consumer,East,413.5,2.0,-748.5,1,1,1,3,1,At Risk
JR-15700,Jocasta Rupert,Consumer,South,69.0,1.0,107.985,3,1,2,6,3,Needs Attention
JR-16210,Justin Ritter,Corporate,East,34.0,5.0,452.37300000000005,4,2,4,10,3,Loyal Customers
JS-15595,Jill Stevenson,Corporate,West,120.0,4.0,-175.54899999999998,2,1,1,4,3,Needs Attention
JS-15685,Jim Sink,Corporate,West,43.0,4.0,-54.8692,4,1,1,6,3,Needs Attention
JS-15880,John Stevenson,Consumer,West,413.5,5.0,564.9798000000001,1,2,4,7,1,Potential Loyalists
JS-15940,Joni Sundaresam,Home Office,Central,413.5,5.0,-327.9336,1,2,1,4,1,Needs Attention
JS-16030,Joy Smith,Consumer,Central,29.0,6.0,-311.25749999999994,4,3,1,8,2,Potential Loyalists
JW-15220,Jane Waco,Corporate,West,43.0,6.0,1345.1,4,3,5,12,0,Loyal Customers
JW-15955,Joni Wasserman,Consumer,West,6.0,7.0,-29.575899999999987,5,4,1,10,2,Loyal Customers
JW-16075,Julia West,Consumer,East,413.5,4.0,154.06369999999998,1,1,2,4,1,Needs Attention
KA-16525,Kelly Andreada,Consumer,West,37.0,7.0,234.9194,4,4,3,11,4,Loyal Customers
KB-16240,Karen Bern,Corporate,West,5.0,7.0,763.9076,5,4,5,14,0,Champions
KB-16315,Karl Braun,Consumer,Central,297.0,9.0,49.71929999999999,1,5,2,8,4,Potential Loyalists
KB-16405,Katrina Bavinger,Home Office,West,118.0,3.0,274.297,2,1,3,6,3,Needs Attention
KB-16585,Ken Black,Corporate,Central,231.0,12.0,579.3551,1,5,4,10,4,Loyal Customers
KB-16600,Ken Brennan,Corporate,Central,2.0,7.0,293.55240000000003,5,4,3,12,4,Loyal Customers
KC-16255,Karen Carlisle,Corporate,West,408.0,6.0,846.1217,1,3,5,9,1,Potential Loyalists
KC-16540,Kelly Collister,Consumer,West,98.0,4.0,709.4219,3,1,5,9,3,Potential Loyalists
KC-16675,Kimberly Carter,Corporate,West,58.0,4.0,156.7797,3,1,3,7,3,Potential Loyalists
KD-16270,Karen Daniels,Consumer,South,413.5,5.0,1107.6952000000003,1,2,5,8,1,Potential Loyalists
KD-16345,Katherine Ducich,Consumer,West,42.0,6.0,328.5942,4,3,4,11,3,Loyal Customers
KD-16495,Keith Dawkins,Corporate,East,113.0,12.0,1345.1,2,5,5,12,0,Loyal Customers
KD-16615,Ken Dana,Corporate,West,290.0,5.0,539.7219,1,2,4,7,1,Potential Loyalists
KE-16420,Katrina Edelman,Corporate,South,27.0,8.0,397.87989999999996,5,4,4,13,4,Champions
KF-16285,Karen Ferguson,Home Office,West,98.0,7.0,1345.1,3,4,5,12,0,Loyal Customers
KH-16330,Katharine Harms,Corporate,South,41.0,8.0,454.7871,4,4,4,12,4,Loyal Customers
KH-16360,Katherine Hughes,Consumer,East,2.0,6.0,528.2051,5,3,4,12,3,Loyal Customers
KH-16510,Keith Herrera,Consumer,West,23.0,7.0,656.1162,5,4,4,13,4,Champions
KH-16630,Ken Heidel,Corporate,Central,59.0,9.0,727.3786,3,5,5,13,4,Champions
KH-16690,Kristen Hastings,Corporate,West,3.0,7.0,1227.5091,5,4,5,14,0,Champions
KL-16555,Kelly Lampkin,Corporate,West,17.0,8.0,-182.78130000000002,5,4,1,10,2,Loyal Customers
KL-16645,Ken Lonsdale,Consumer,Central,48.0,12.0,806.855,4,5,5,14,4,Champions
KM-16225,Kalyca Meade,Corporate,East,15.0,6.0,635.1057000000001,5,3,4,12,3,Loyal Customers
KM-16375,Katherine Murray,Home Office,South,57.0,8.0,973.7901999999999,3,4,5,12,0,Loyal Customers
KM-16660,Khloe Miller,Consumer,South,16.0,5.0,91.1391,5,2,2,9,3,Potential Loyalists
KM-16720,Kunst Miller,Consumer,West,29.0,8.0,745.7685,4,4,5,13,4,Champions
KN-16390,Katherine Nockton,Corporate,West,20.0,9.0,-151.1518,5,5,1,11,4,Loyal Customers
KN-16450,Kean Nguyen,Corporate,South,53.0,5.0,114.3083,4,2,2,8,3,Potential Loyalists
KN-16705,Kristina Nunn,Home Office,West,99.0,8.0,329.76250000000005,3,4,4,11,4,Loyal Customers
KS-16300,Karen Seio,Corporate,West,296.0,3.0,0.11099999999999888,1,1,1,3,1,At Risk
KT-16465,Kean Takahito,Consumer,West,392.0,7.0,254.0032,1,4,3,8,1,Potential Loyalists
KT-16480,Kean Thornton,Consumer,East,101.0,10.0,194.0671,3,5,3,11,4,Loyal Customers
KW-16435,Katrina Willman,Consumer,East,97.0,5.0,1345.1,3,2,5,10,0,Loyal Customers
KW-16570,Kelly Williams,Consumer,South,413.5,4.0,107.92699999999999,1,1,2,4,1,Needs Attention
LA-16780,Laura Armstrong,Corporate,Central,155.0,11.0,1345.1,2,5,5,12,0,Loyal Customers
LB-16735,Larry Blacks,Consumer,Central,49.0,3.0,18.6507,4,1,2,7,3,Potential Loyalists
LB-16795,Laurel Beltran,Home Office,Central,153.0,8.0,-52.19099999999998,2,4,1,7,4,Potential Loyalists
LC-16870,Lena Cacioppo,Consumer,West,28.0,8.0,-188.25110000000004,4,4,1,9,2,Potential Loyalists
LC-16885,Lena Creighton,Consumer,West,17.0,12.0,1288.3469,5,5,5,15,0,Champions
LC-16930,Linda Cazamias,Corporate,Central,42.0,8.0,288.26599999999996,4,4,3,11,4,Loyal Customers
LC-16960,Lindsay Castell,Home Office,South,413.5,4.0,299.48019999999997,1,1,3,5,1,Needs Attention
LC-17050,Liz Carlisle,Consumer,West,55.0,5.0,86.77799999999999,3,2,2,7,3,Potential Loyalists
LC-17140,Logan Currie,Consumer,Central,14.0,9.0,231.12520000000004,5,5,3,13,4,Champions
LD-16855,Lela Donovan,Corporate,Central,413.5,1.0,0.4641,1,1,1,3,1,At Risk
LD-17005,Lisa DeCherney,Consumer,West,413.5,4.0,557.1714,1,1,4,6,1,Needs Attention
LE-16810,Laurel Elliston,Consumer,West,22.0,6.0,161.76489999999998,5,3,3,11,3,Loyal Customers
LF-17185,Luke Foster,Consumer,South,23.0,7.0,-748.5,5,4,1,10,2,Loyal Customers
LH-16750,Larry Hughes,Consumer,South,152.0,3.0,12.627699999999999,2,1,2,5,3,Needs Attention
LH-16900,Lena Hernandez,Consumer,East,22.0,9.0,526.0727,5,5,4,14,4,Champions
LH-17020,Lisa Hazard,Consumer,East,240.0,4.0,-242.73989999999998,1,1,1,3,1,At Risk
LH-17155,Logan Haushalter,Consumer,West,386.0,9.0,316.5202,1,5,3,9,1,Potential Loyalists
LL-16840,Lauren Leatherbury,Consumer,East,250.0,6.0,560.0078,1,3,4,8,1,Potential Loyalists
LM-17065,Liz MacKendrick,Consumer,East,392.0,5.0,-44.87799999999999,1,2,1,4,1,Needs Attention
LO-17170,Lori Olson,Corporate,West,3.0,5.0,150.1712,5,2,2,9,3,Potential Loyalists
LP-17080,Liz Pelletier,Consumer,West,41.0,4.0,110.7813,4,1,2,7,3,Potential Loyalists
LP-17095,Liz Preis,Consumer,South,10.0,7.0,338.44539999999995,5,4,4,13,4,Champions
LR-16915,Lena Radford,Consumer,West,27.0,6.0,535.4764,5,3,4,12,3,Loyal Customers
LR-17035,Lisa Ryan,Corporate,East,133.0,5.0,-382.8079,2,2,1,5,2,Needs Attention
LS-16945,Linda Southworth,Corporate,East,179.0,6.0,-318.77369999999996,2,3,1,6,2,Needs Attention
LS-16975,Lindsay Shagiari,Home Office,West,21.0,9.0,262.63669999999996,5,5,3,13,4,Champions
LS-17200,Luke Schmidt,Corporate,Central,97.0,6.0,244.197,3,3,3,9,3,Potential Loyalists
LS-17230,Lycoris Saunders,Consumer,East,413.5,3.0,39.1952,1,1,2,4,1,Needs Attention
LS-17245,Lynn Smith,Consumer,Central,35.0,6.0,348.3584,4,3,4,11,3,Loyal Customers
LT-16765,Larry Tron,Consumer,West,27.0,3.0,59.036,5,1,2,8,3,Potential Loyalists
LT-17110,Liz Thompson,Consumer,West,35.0,8.0,320.973,4,4,4,12,4,Loyal Customers
LW-16825,Laurel Workman,Corporate,South,89.0,5.0,32.5767,3,2,2,7,3,Potential Loyalists
LW-16990,Lindsay Williams,Corporate,West,34.0,6.0,662.8339000000001,4,3,4,11,3,Loyal Customers
LW-17125,Liz Willingham,Consumer,East,206.0,3.0,192.6312,2,1,3,6,3,Needs Attention
LW-17215,Luke Weiss,Consumer,West,22.0,7.0,837.2411,5,4,5,14,0,Champions
MA-17560,Matt Abelman,Home Office,Central,65.0,11.0,1240.2266,3,5,5,13,0,Champions
MA-17995,Michelle Arnett,Home Office,East,187.0,6.0,280.7822,2,3,3,8,3,Potential Loyalists
MB-17305,Maria Bertelson,Consumer,East,49.0,10.0,212.425,4,5,3,12,4,Loyal Customers
MB-18085,Mick Brown,Consumer,East,45.0,7.0,117.8057,4,4,2,10,4,Loyal Customers
MC-17275,Marc Crier,Consumer,South,77.0,8.0,461.0014,3,4,4,11,4,Loyal Customers
MC-17425,Mark Cousins,Corporate,South,400.0,5.0,1345.1,1,2,5,8,1,Potential Loyalists
MC-17575,Matt Collins,Consumer,East,28.0,8.0,210.7493,4,4,3,11,4,Loyal Customers
MC-17590,Matt Collister,Corporate,East,52.0,6.0,288.98409999999996,4,3,3,10,3,Loyal Customers
MC-17605,Matt Connell,Corporate,Central,113.0,8.0,195.4486,2,4,3,9,4,Potential Loyalists
MC-17635,Matthew Clasen,Corporate,Central,190.0,4.0,-247.94350000000003,2,1,1,4,3,Needs Attention
MC-17845,Michael Chen,Consumer,South,2.0,7.0,698.4174,5,4,5,14,4,Champions
MC-18100,Mick Crebagga,Consumer,Central,42.0,10.0,-64.1668,4,5,1,10,4,Loyal Customers
MC-18130,Mike Caudle,Corporate,South,370.0,5.0,121.7565,1,2,2,5,1,Needs Attention
MD-17350,Maribeth Dona,Consumer,South,118.0,7.0,-241.94999999999996,2,4,1,7,2,Potential Loyalists
MD-17860,Michael Dominguez,Corporate,Central,37.0,5.0,-4.040300000000002,4,2,1,7,3,Potential Loyalists
ME-17320,Maria Etezadi,Home Office,South,43.0,10.0,1345.1,4,5,5,14,0,Champions
ME-17725,Max Engle,Consumer,West,29.0,8.0,77.81280000000001,4,4,2,10,4,Loyal Customers
ME-18010,Michelle Ellison,Corporate,West,93.0,4.0,107.3604,3,2,2,7,3,Potential Loyalists
MF-17665,Maureen Fritzler,Corporate,East,413.5,5.0,-341.52650000000006,1,2,1,4,1,Needs Attention
MF-18250,Monica Federle,Corporate,West,8.0,5.0,456.86080000000004,5,2,4,11,3,Loyal Customers
MG-17650,Matthew Grinstein,Home Office,East,30.0,7.0,341.898,4,4,4,12,4,Loyal Customers
MG-17680,Maureen Gastineau,Home Office,East,93.0,4.0,25.888599999999972,3,2,2,7,3,Potential Loyalists
MG-17695,Maureen Gnade,Consumer,East,413.5,3.0,-398.79319999999996,1,1,1,3,1,At Risk
MG-17875,Michael Grace,Home Office,East,117.0,5.0,-470.7684,2,2,1,5,2,Needs Attention
MG-17890,Michael Granlund,Home Office,East,100.0,9.0,171.7372,3,5,3,11,4,Loyal Customers
MG-18145,Mike Gockenbach,Consumer,East,85.0,4.0,-93.603,3,2,1,6,3,Needs Attention
MG-18205,Mitch Gastineau,Corporate,South,265.0,1.0,-1.2453,1,1,1,3,1,At Risk
MH-17290,Marc Harrigan,Home Office,West,120.0,6.0,28.761200000000038,2,3,2,7,3,Potential Loyalists
MH-17440,Mark Haberlin,Corporate,East,377.0,4.0,61.428599999999996,1,2,2,5,1,Needs Attention
MH-17455,Mark Hamilton,Consumer,South,86.0,8.0,484.77330000000006,3,4,4,11,4,Loyal Customers
MH-17620,Matt Hagelstein,Corporate,West,156.0,4.0,122.3612,2,2,2,6,3,Needs Attention
MH-17785,Maya Herman,Corporate,East,99.0,7.0,238.5614,3,4,3,10,4,Loyal Customers
MH-18025,Michelle Huthwaite,Consumer,West,50.0,5.0,476.9032,4,2,4,10,3,Loyal Customers
MH-18115,Mick Hernandez,Home Office,East,6.0,9.0,170.9746,5,5,3,13,4,Champions
MJ-17740,Max Jones,Consumer,West,23.0,7.0,1054.5529000000001,5,4,5,14,0,Champions
MK-17905,Michael Kennedy,Corporate,East,29.0,8.0,-405.3559,4,4,1,9,2,Potential Loyalists
MK-18160,Mike Kennedy,Consumer,South,241.0,4.0,227.83380000000002,1,2,3,6,1,Needs Attention
ML-17395,Marina Lichtenstein,Corporate,West,70.0,9.0,684.9162,3,5,5,13,4,Champions
ML-17410,Maris LaWare,Consumer,East,55.0,6.0,-76.17550000000003,3,3,1,7,3,Potential Loyalists
ML-17755,Max Ludwig,Home Office,South,30.0,7.0,409.51120000000003,4,4,4,12,4,Loyal Customers
ML-18040,Michelle Lonsdale,Corporate,West,80.0,3.0,138.71620000000001,3,1,2,6,3,Needs Attention
ML-18265,Muhammed Lee,Consumer,West,101.0,2.0,42.6648,3,1,2,6,3,Needs Attention
MM-17260,Magdelene Morse,Consumer,East,169.0,4.0,178.402,2,2,3,7,3,Potential Loyalists
MM-17920,Michael Moore,Consumer,West,8.0,11.0,82.12499999999997,5,5,2,12,4,Loyal Customers
MM-18055,Michelle Moray,Consumer,West,62.0,8.0,-520.3443,3,4,1,8,2,Potential Loyalists
MM-18280,Muhammed MacIntyre,Corporate,Central,86.0,9.0,58.8916,3,5,2,10,4,Loyal Customers
MN-17935,Michael Nguyen,Consumer,Central,35.0,6.0,290.8227,4,3,3,10,3,Loyal Customers
MO-17500,Mary O'Rourke,Consumer,East,73.0,4.0,59.357699999999994,3,2,2,7,3,Potential Loyalists
MO-17800,Meg O'Connel,Home Office,East,105.0,8.0,169.34369999999998,2,4,3,9,4,Potential Loyalists
MO-17950,Michael Oakman,Consumer,Central,181.0,2.0,-82.0074,2,1,1,4,3,Needs Attention
MP-17470,Mark Packer,Home Office,East,413.5,7.0,600.2873,1,4,4,9,1,Potential Loyalists
MP-17965,Michael Paige,Corporate,East,73.0,9.0,638.1563,3,5,4,12,4,Loyal Customers
MP-18175,Mike Pelletier,Home Office,West,17.0,9.0,226.4529,5,5,3,13,4,Champions
MR-17545,Mathew Reese,Home Office,East,126.0,4.0,162.9363,2,2,3,7,3,Potential Loyalists
MS-17365,Maribeth Schnelling,Consumer,Central,274.0,10.0,844.9354999999998,1,5,5,11,0,Loyal Customers
MS-17530,MaryBeth Skach,Consumer,West,413.5,4.0,84.0268,1,2,2,5,1,Needs Attention
MS-17710,Maurice Satty,Consumer,West,413.5,6.0,247.4348,1,3,3,7,1,Potential Loyalists
MS-17770,Maxwell Schwartz,Consumer,East,122.0,9.0,280.85839999999996,2,5,3,10,4,Loyal Customers
MS-17830,Melanie Seite,Consumer,Central,413.5,4.0,19.431199999999997,1,2,2,5,1,Needs Attention
MS-17980,Michael Stewart,Corporate,Central,27.0,6.0,55.226,5,3,2,10,3,Loyal Customers
MT-17815,Meg Tillman,Consumer,West,50.0,6.0,509.0068,4,3,4,11,3,Loyal Customers
MT-18070,Michelle Tran,Home Office,West,204.0,4.0,-23.676300000000005,2,2,1,5,3,Needs Attention
MV-17485,Mark Van Huff,Consumer,South,28.0,9.0,189.0258,4,5,3,12,4,Loyal Customers
MV-18190,Mike Vittorini,Consumer,East,20.0,7.0,273.8582,5,4,3,12,4,Loyal Customers
MW-18220,Mitch Webber,Consumer,East,18.0,7.0,1238.422,5,4,5,14,0,Champions
MW-18235,Mitch Willingham,Corporate,South,45.0,2.0,1345.1,4,1,5,10,0,Loyal Customers
MY-17380,Maribeth Yedwab,Corporate,West,30.0,7.0,319.1211,4,4,4,12,4,Loyal Customers
MY-18295,Muhammed Yedwab,Corporate,Central,72.0,11.0,-371.7111,3,5,1,9,2,Potential Loyalists
MZ-17335,Maria Zettner,Home Office,West,31.0,4.0,85.01910000000001,4,2,2,8,3,Potential Loyalists
MZ-17515,Mary Zewe,Corporate,West,283.0,6.0,787.7503,1,3,5,9,1,Potential Loyalists
NB-18580,Nicole Brennan,Corporate,East,413.5,2.0,24.788800000000002,1,1,2,4,1,Needs Attention
NB-18655,Nona Balk,Corporate,Central,20.0,9.0,117.6429,5,5,2,12,4,Loyal Customers
NC-18340,Nat Carroll,Consumer,Central,225.0,5.0,580.3075,2,2,4,8,3,Potential Loyalists
NC-18415,Nathan Cano,Consumer,South,42.0,6.0,-748.5,4,3,1,8,2,Potential Loyalists
NC-18535,Nick Crebassa,Corporate,Central,7.0,7.0,1314.758,5,4,5,14,0,Champions
NC-18625,Noah Childs,Corporate,West,205.0,5.0,-359.02099999999996,2,2,1,5,2,Needs Attention
ND-18370,Natalie DeCherney,Consumer,South,28.0,9.0,353.64549999999997,4,5,4,13,4,Champions
ND-18460,Neil Ducich,Corporate,South,184.0,6.0,443.33680000000004,2,3,4,9,3,Potential Loyalists
NF-18385,Natalie Fritzler,Consumer,South,80.0,7.0,-748.5,3,4,1,8,2,Potential Loyalists
NF-18475,Neil Französisch,Home Office,Central,413.5,4.0,85.92779999999999,1,2,2,5,1,Needs Attention
NF-18595,Nicole Fjeld,Home Office,East,115.0,7.0,388.2131,2,4,4,10,4,Loyal Customers
NG-18355,Nat Gilpin,Corporate,East,49.0,5.0,313.63349999999997,4,2,3,9,3,Potential Loyalists
NG-18430,Nathan Gelder,Consumer,East,49.0,5.0,217.0893,4,2,3,9,3,Potential Loyalists
NH-18610,Nicole Hansen,Corporate,Central,190.0,7.0,760.1666,2,4,5,11,0,Loyal Customers
NK-18490,Neil Knudson,Home Office,West,71.0,7.0,121.2177,3,4,2,9,4,Potential Loyalists
NL-18310,Nancy Lomonaco,Home Office,West,59.0,4.0,343.6381,3,2,4,9,3,Potential Loyalists
NM-18445,Nathan Mautz,Home Office,East,161.0,7.0,1345.1,2,4,5,11,0,Loyal Customers
NM-18520,Neoma Murray,Consumer,West,245.0,10.0,788.9525000000001,1,5,5,11,0,Loyal Customers
NP-18325,Naresj Patel,Consumer,South,26.0,6.0,1208.8890000000001,5,3,5,13,0,Champions
NP-18670,Nora Paige,Consumer,Central,59.0,5.0,514.6002,3,2,4,9,3,Potential Loyalists
NP-18685,Nora Pelletier,Home Office,East,407.0,6.0,514.5017,1,3,4,8,1,Potential Loyalists
NP-18700,Nora Preis,Consumer,West,139.0,7.0,631.2282,2,4,4,10,4,Loyal Customers
NR-18550,Nick Radford,Consumer,Central,211.0,5.0,-25.148799999999966,2,2,1,5,3,Needs Attention
NS-18505,Neola Schneider,Consumer,Central,7.0,4.0,-12.303999999999997,5,2,1,8,3,Potential Loyalists
NS-18640,Noel Staavos,Corporate,Central,175.0,12.5,-234.7714,2,5,1,8,4,Potential Loyalists
NW-18400,Natalie Webber,Consumer,West,173.0,7.0,1023.123,2,4,5,11,0,Loyal Customers
NZ-18565,Nick Zandusky,Home Office,East,86.0,9.0,402.4236,3,5,4,12,4,Loyal Customers
ON-18715,Odella Nelson,Corporate,Central,411.0,9.0,-5.88900000000001,1,5,1,7,1,Potential Loyalists
OT-18730,Olvera Toch,Consumer,West,66.0,5.0,-748.5,3,2,1,6,2,Needs Attention
PA-19060,Pete Armstrong,Home Office,Central,104.0,6.0,225.8588,3,3,3,9,3,Potential Loyalists
PB-18805,Patrick Bzostek,Home Office,West,26.0,3.0,229.2257,5,1,3,9,3,Potential Loyalists
PB-19105,Peter Bühler,Consumer,Central,58.0,4.0,218.15970000000002,3,2,3,8,3,Potential Loyalists
PB-19150,Philip Brown,Consumer,West,98.0,8.0,280.6606,3,4,3,10,4,Loyal Customers
PB-19210,Phillip Breyer,Corporate,Central,413.5,2.0,21.897000000000002,1,1,2,4,1,Needs Attention
PC-18745,Pamela Coakley,Corporate,West,3.0,4.0,272.685,5,2,3,10,3,Loyal Customers
PC-19000,Pauline Chand,Home Office,West,413.5,2.0,-184.3364,1,1,1,3,1,At Risk
PF-19120,Peter Fuller,Consumer,West,413.5,4.0,-614.2943000000001,1,2,1,4,1,Needs Attention
PF-19165,Philip Fox,Consumer,Central,197.0,6.0,196.87389999999996,2,3,3,8,3,Potential Loyalists
PF-19225,Phillip Flathmann,Consumer,West,115.0,5.0,591.3118000000001,2,2,4,8,3,Potential Loyalists
PG-18820,Patrick Gardner,Consumer,West,37.0,12.5,137.46130000000002,4,5,2,11,4,Loyal Customers
PG-18895,Paul Gonzalez,Consumer,Central,58.0,9.0,334.5163,3,5,4,12,4,Loyal Customers
PH-18790,Patricia Hirasaki,Home Office,South,71.0,1.0,47.8878,3,1,2,6,3,Needs Attention
PJ-18835,Patrick Jones,Corporate,South,40.0,8.0,442.1355,4,4,4,12,4,Loyal Customers
PJ-19015,Pauline Johnson,Consumer,West,135.0,7.0,682.9979000000001,2,4,4,10,0,Loyal Customers
PK-18910,Paul Knutson,Home Office,East,413.5,2.0,-748.5,1,1,1,3,1,At Risk
PK-19075,Pete Kriz,Consumer,Central,10.0,12.0,1345.1,5,5,5,15,0,Champions
PL-18925,Paul Lucas,Home Office,Central,16.0,5.0,-0.7527000000000026,5,2,1,8,3,Potential Loyalists
PM-18940,Paul MacIntyre,Consumer,Central,387.0,3.0,157.8768,1,1,3,5,1,Needs Attention
PM-19135,Peter McVee,Home Office,Central,52.0,4.0,526.7537,4,2,4,10,3,Loyal Customers
PN-18775,Parhena Norris,Home Office,East,31.0,8.0,192.0396,4,4,3,11,4,Loyal Customers
PO-18850,Patrick O'Brill,Consumer,East,5.0,11.0,38.47569999999996,5,5,2,12,4,Loyal Customers
PO-18865,Patrick O'Donnell,Consumer,Central,1.0,7.0,437.8533,5,4,4,13,4,Champions
PO-19180,Philisse Overcash,Home Office,Central,161.0,9.0,1155.4331,2,5,5,12,0,Loyal Customers
PO-19195,Phillina Ober,Home Office,Central,87.0,5.0,-49.70089999999999,3,2,1,6,3,Needs Attention
PP-18955,Paul Prost,Home Office,South,98.0,10.0,1345.1,3,5,5,13,0,Champions
PR-18880,Patrick Ryan,Consumer,West,37.0,5.0,247.6226,4,2,3,9,3,Potential Loyalists
PS-18760,Pamela Stobb,Consumer,West,108.0,6.0,-134.441,2,3,1,6,2,Needs Attention
PS-18970,Paul Stevenson,Home Office,Central,70.0,8.0,198.5099,3,4,3,10,4,Loyal Customers
PS-19045,Penelope Sewall,Home Office,South,237.0,7.0,1345.1,1,4,5,10,0,Loyal Customers
PT-19090,Pete Takahito,Consumer,Central,72.0,4.0,-20.0508,3,2,1,6,3,Needs Attention
PV-18985,Paul Van Hugh,Home Office,West,90.0,5.0,434.52840000000003,3,2,4,9,3,Potential Loyalists
PW-19030,Pauline Webber,Corporate,South,47.0,10.0,803.8169,4,5,5,14,4,Champions
PW-19240,Pierre Wener,Consumer,West,413.5,7.0,1290.354,1,4,5,10,0,Loyal Customers
QJ-19255,Quincy Jones,Corporate,Central,26.0,9.0,1203.6768,5,5,5,15,0,Champions
RA-19285,Ralph Arnett,Consumer,East,6.0,9.0,546.0882,5,5,4,14,4,Champions
RA-19885,Ruben Ausman,Corporate,West,44.0,7.0,1292.8656,4,4,5,13,0,Champions
RA-19915,Russell Applegate,Consumer,Central,13.0,9.0,304.8673,5,5,3,13,4,Champions
RA-19945,Ryan Akin,Consumer,West,62.0,5.0,-445.695,3,2,1,6,2,Needs Attention
RB-19330,Randy Bradley,Consumer,East,69.0,2.0,-164.40619999999998,3,1,1,5,3,Needs Attention
RB-19360,Raymond Buch,Consumer,East,97.0,6.0,1345.1,3,3,5,11,0,Loyal Customers
RB-19435,Richard Bierner,Consumer,Central,20.0,8.0,477.23990000000003,5,4,4,13,4,Champions
RB-19465,Rick Bensley,Home Office,Central,10.0,12.0,640.5466,5,5,4,14,4,Champions
RB-19570,Rob Beeghly,Consumer,Central,26.0,5.0,76.8879,5,2,2,9,3,Potential Loyalists
RB-19645,Robert Barroso,Corporate,West,413.5,5.0,72.679,1,2,2,5,1,Needs Attention
RB-19705,Roger Barcio,Home Office,West,55.0,4.0,243.07549999999998,3,2,3,8,3,Potential Loyalists
RB-19795,Ross Baird,Home Office,South,33.0,8.0,-461.73319999999995,4,4,1,9,2,Potential Loyalists
RC-19825,Roy Collins,Consumer,Central,370.0,6.0,63.991400000000006,1,3,2,6,1,Needs Attention
RC-19960,Ryan Crowe,Consumer,East,111.0,6.0,10.563300000000002,2,3,2,7,3,Potential Loyalists
RD-19480,Rick Duston,Consumer,West,73.0,8.0,480.594,3,4,4,11,4,Loyal Customers
RD-19585,Rob Dowd,Consumer,South,181.0,10.0,734.5158,2,5,5,12,4,Loyal Customers
RD-19660,Robert Dilbeck,Home Office,Central,115.0,5.0,835.772,2,2,5,9,0,Potential Loyalists
RD-19720,Roger Demir,Consumer,South,22.0,10.0,207.3304,5,5,3,13,4,Champions
RD-19810,Ross DeVincentis,Home Office,West,15.0,8.0,318.4625,5,4,4,13,4,Champions
RD-19900,Ruben Dartt,Consumer,West,115.0,9.0,455.5292,2,5,4,11,4,Loyal Customers
RD-19930,Russell D'Ascenzo,Consumer,Central,43.0,4.0,35.05740000000001,4,2,2,8,3,Potential Loyalists
RE-19405,Ricardo Emerson,Consumer,East,413.5,1.0,6.045,1,1,2,4,1,Needs Attention
RE-19450,Richard Eichhorn,Consumer,Central,303.0,5.0,209.2294,1,2,3,6,1,Needs Attention
RF-19345,Randy Ferguson,Corporate,East,391.0,8.0,633.7072000000001,1,4,4,9,1,Potential Loyalists
RF-19735,Roland Fjeld,Consumer,Central,90.0,7.0,711.6168,3,4,5,12,0,Loyal Customers
RF-19840,Roy Französisch,Consumer,East,7.0,8.0,280.0261,5,4,3,12,4,Loyal Customers
RH-19495,Rick Hansen,Consumer,Central,33.0,5.0,563.7877,4,2,4,10,3,Loyal Customers
RH-19510,Rick Huthwaite,Home Office,East,413.5,6.0,1289.4535,1,3,5,9,1,Potential Loyalists
RH-19555,Ritsa Hightower,Consumer,South,413.5,2.0,0.30570000000000164,1,1,1,3,1,At Risk
RH-19600,Rob Haberlin,Consumer,South,413.5,3.0,172.6261,1,1,3,5,1,Needs Attention
RK-19300,Ralph Kennedy,Consumer,East,120.0,3.0,269.688,2,1,3,6,3,Needs Attention
RL-19615,Rob Lucas,Consumer,South,122.0,8.0,488.14840000000004,2,4,4,10,4,Loyal Customers
RM-19375,Raymond Messe,Consumer,Central,346.0,6.0,392.1499,1,3,4,8,1,Potential Loyalists
RM-19675,Robert Marley,Home Office,South,7.0,5.0,1345.1,5,2,5,12,0,Loyal Customers
RM-19750,Roland Murray,Consumer,East,300.0,1.0,28.6879,1,1,2,4,1,Needs Attention
RO-19780,Rose O'Brian,Consumer,South,36.0,7.0,-748.5,4,4,1,9,2,Potential Loyalists
RP-19270,Rachel Payne,Corporate,West,413.5,4.0,59.538399999999996,1,2,2,5,1,Needs Attention
RP-19390,Resi Pölking,Consumer,East,34.0,12.0,465.25030000000015,4,5,4,13,4,Champions
RP-19855,Roy Phan,Corporate,Central,29.0,8.0,594.5868,4,4,4,12,4,Loyal Customers
RR-19315,Ralph Ritter,Consumer,West,20.0,2.0,-73.835,5,1,1,7,3,Potential Loyalists
RR-19525,Rick Reed,Corporate,East,171.0,6.0,721.6826,2,3,5,10,0,Loyal Customers
RS-19420,Ricardo Sperren,Corporate,West,77.0,5.0,633.4513999999999,3,2,4,9,3,Potential Loyalists
RS-19765,Roland Schwarz,Corporate,East,37.0,8.0,1206.3851,4,4,5,13,0,Champions
RS-19870,Roy Skaria,Home Office,Central,20.0,2.0,9.5838,5,1,2,8,3,Potential Loyalists
RW-19540,Rick Wilson,Corporate,West,121.0,7.0,1345.1,2,4,5,11,0,Loyal Customers
RW-19630,Rob Williams,Corporate,Central,90.0,9.0,698.8325,3,5,5,13,4,Champions
RW-19690,Robert Waldorf,Consumer,South,80.0,5.0,707.5503,3,2,5,10,3,Loyal Customers
SA-20830,Sue Ann Reed,Consumer,Central,64.0,10.0,610.1496000000001,3,5,4,12,4,Loyal Customers
SB-20170,Sarah Bern,Consumer,East,202.0,3.0,157.6658,2,1,3,6,3,Needs Attention
SB-20185,Sarah Brown,Consumer,East,189.0,6.0,885.4623999999999,2,3,5,10,0,Loyal Customers
SB-20290,Sean Braxton,Corporate,Central,48.0,7.0,-748.5,4,4,1,9,2,Potential Loyalists
SC-20020,Sam Craven,Consumer,Central,413.5,5.0,-317.0508,1,2,1,4,1,Needs Attention
SC-20050,Sample Company A,Home Office,East,41.0,9.0,1011.7443,4,5,5,14,0,Champions
SC-20095,Sanjit Chand,Consumer,West,350.0,9.0,1345.1,1,5,5,11,0,Loyal Customers
SC-20230,Scot Coram,Corporate,Central,150.0,4.0,440.14099999999996,2,2,4,8,3,Potential Loyalists
SC-20260,Scott Cohen,Corporate,West,188.0,8.0,671.0033999999999,2,4,4,10,0,Loyal Customers
SC-20305,Sean Christensen,Consumer,Central,30.0,7.0,229.1617,4,4,3,11,4,Loyal Customers
SC-20380,Shahid Collister,Consumer,West,31.0,9.0,236.66149999999996,4,5,3,12,4,Loyal Customers
SC-20440,Shaun Chance,Corporate,West,37.0,7.0,379.5611,4,4,4,12,4,Loyal Customers
SC-20575,Sonia Cooley,Consumer,Central,93.0,5.0,100.2253,3,2,2,7,3,Potential Loyalists
SC-20680,Steve Carroll,Home Office,South,127.0,6.0,370.1578,2,3,4,9,3,Potential Loyalists
SC-20695,Steve Chapman,Corporate,South,90.0,10.0,611.8291,3,5,4,12,4,Loyal Customers
SC-20725,Steven Cartwright,Consumer,East,188.0,11.0,1276.6513,2,5,5,12,0,Loyal Customers
SC-20770,Stewart Carmichael,Corporate,South,42.0,7.0,-671.1874,4,4,1,9,2,Potential Loyalists
SC-20800,Stuart Calhoun,Consumer,Central,31.0,4.0,51.8252,4,2,2,8,3,Potential Loyalists
SC-20845,Sung Chung,Consumer,Central,132.0,2.0,31.1757,2,1,2,5,3,Needs Attention
SD-20485,Shirley Daniels,Home Office,East,201.0,9.0,1345.1,2,5,5,12,0,Loyal Customers
SE-20110,Sanjit Engle,Consumer,East,10.0,11.0,1345.1,5,5,5,15,0,Champions
SF-20065,Sandra Flanagan,Consumer,East,60.0,7.0,228.1623,3,4,3,10,4,Loyal Customers
SF-20200,Sarah Foster,Consumer,West,60.0,9.0,286.9046,3,5,3,11,4,Loyal Customers
SF-20965,Sylvia Foulston,Corporate,Central,49.0,9.0,539.9352,4,5,4,13,4,Champions
SG-20080,Sandra Glassco,Consumer,Central,9.0,3.0,570.438,5,1,4,10,3,Loyal Customers
SG-20470,Sheri Gordon,Consumer,East,184.0,8.0,-119.0105,2,4,1,7,2,Potential Loyalists
SG-20605,Speros Goranitis,Consumer,East,109.0,6.0,463.269,2,3,4,9,3,Potential Loyalists
SG-20890,Susan Gilcrest,Corporate,Central,227.0,3.0,-3.7073,1,1,1,3,1,At Risk
SH-19975,Sally Hughsby,Corporate,West,30.0,12.5,558.4739999999999,4,5,4,13,4,Champions
SH-20395,Shahid Hopkins,Consumer,South,24.0,10.0,-144.5229,5,5,1,11,4,Loyal Customers
SH-20635,Stefanie Holloman,Corporate,South,413.5,2.0,260.6258,1,1,3,5,1,Needs Attention
SJ-20125,Sanjit Jacobs,Home Office,East,96.0,12.0,144.1189,3,5,2,10,4,Loyal Customers
SJ-20215,Sarah Jordon,Consumer,Central,30.0,6.0,-23.5137,4,3,1,8,3,Potential Loyalists
SJ-20500,Shirley Jackson,Consumer,Central,254.0,5.0,68.09629999999999,1,2,2,5,1,Needs Attention
SK-19990,Sally Knutson,Consumer,East,9.0,3.0,168.7933,5,1,3,9,3,Potential Loyalists
SL-20155,Sara Luxemburg,Home Office,South,71.0,7.0,527.9715,3,4,4,11,4,Loyal Customers
SM-20005,Sally Matthias,Consumer,East,413.5,4.0,-26.5927,1,2,1,4,1,Needs Attention
SM-20320,Sean Miller,Home Office,South,80.0,5.0,-748.5,3,2,1,6,2,Needs Attention
SM-20905,Susan MacKendrick,Consumer,East,413.5,1.0,-237.2885,1,1,1,3,1,At Risk
SM-20950,Suzanne McNair,Corporate,South,26.0,12.0,581.5741999999999,5,5,4,14,4,Champions
SN-20560,Skye Norling,Home Office,West,112.0,6.0,-716.8565000000001,2,3,1,6,2,Needs Attention
SN-20710,Steve Nguyen,Home Office,Central,80.0,7.0,481.74989999999997,3,4,4,11,4,Loyal Customers
SO-20335,Sean O'Donnell,Consumer,South,30.0,6.0,-81.0858,4,3,1,8,3,Potential Loyalists
SP-20545,Sibella Parks,Corporate,East,328.0,6.0,-118.77570000000001,1,3,1,5,1,Needs Attention
SP-20620,Stefania Perrino,Corporate,East,48.0,9.0,-270.42819999999995,4,5,1,10,2,Loyal Customers
SP-20650,Stephanie Phelps,Corporate,West,387.0,9.0,268.4782,1,5,3,9,1,Potential Loyalists
SP-20860,Sung Pak,Corporate,East,80.0,10.0,566.7226,3,5,4,12,4,Loyal Customers
SP-20920,Susan Pistek,Consumer,West,71.0,6.0,14.692400000000003,3,3,2,8,3,Potential Loyalists
SR-20425,Sharelle Roach,Home Office,West,9.0,5.0,-748.5,5,2,1,8,2,Potential Loyalists
SR-20740,Steven Roelle,Home Office,East,197.0,8.0,1345.1,2,4,5,11,0,Loyal Customers
SS-20140,Saphhira Shifley,Corporate,East,16.0,8.0,332.3487,5,4,4,13,4,Champions
SS-20410,Shahid Shariari,Consumer,West,111.0,6.0,-748.5,2,3,1,6,2,Needs Attention
SS-20515,Shirley Schmidt,Home Office,South,413.5,3.0,199.93449999999999,1,1,3,5,1,Needs Attention
SS-20590,Sonia Sunley,Consumer,West,413.5,6.0,135.5401,1,3,2,6,1,Needs Attention
SS-20875,Sung Shariari,Consumer,Central,121.0,5.0,-75.586,2,2,1,5,3,Needs Attention
ST-20530,Shui Tom,Consumer,East,126.0,7.0,84.4419,2,4,2,8,4,Potential Loyalists
SU-20665,Stephanie Ulpright,Home Office,South,21.0,7.0,763.4719,5,4,5,14,0,Champions
SV-20365,Seth Vernon,Consumer,East,102.0,10.0,1199.4242,3,5,5,13,0,Champions
SV-20785,Stewart Visinsky,Consumer,West,321.0,9.0,485.0272,1,5,4,10,4,Loyal Customers
SV-20815,Stuart Van,Corporate,Central,77.0,4.0,199.6502,3,2,3,8,3,Potential Loyalists
SV-20935,Susan Vittorini,Consumer,East,3.0,8.0,106.8912,5,4,2,11,4,Loyal Customers
SW-20245,Scot Wooten,Consumer,West,82.0,7.0,-19.60620000000001,3,4,1,8,2,Potential Loyalists
SW-20275,Scott Williamson,Consumer,South,31.0,6.0,332.8725,4,3,4,11,3,Loyal Customers
SW-20350,Sean Wendt,Home Office,Central,163.0,3.0,95.8383,2,1,2,5,3,Needs Attention
SW-20455,Shaun Weien,Consumer,South,163.0,7.0,793.6548,2,4,5,11,0,Loyal Customers
SW-20755,Steven Ward,Corporate,East,413.5,2.0,68.2416,1,1,2,4,1,Needs Attention
SZ-20035,Sam Zeldin,Home Office,West,36.0,11.0,366.43030000000005,4,5,4,13,4,Champions
TA-21385,Tom Ashbrook,Home Office,East,70.0,4.0,1345.1,3,2,5,10,0,Loyal Customers
TB-21055,Ted Butterfield,Consumer,East,120.0,5.0,390.2113,2,2,4,8,3,Potential Loyalists
TB-21175,Thomas Boland,Corporate,Central,59.0,4.0,829.1635,3,2,5,10,3,Loyal Customers
TB-21190,Thomas Brumley,Home Office,South,50.0,4.0,179.0038,4,2,3,9,3,Potential Loyalists
TB-21250,Tim Brockman,Consumer,East,350.0,7.0,260.6155,1,4,3,8,1,Potential Loyalists
TB-21280,Toby Braunhardt,Consumer,East,413.5,6.0,490.9567,1,3,4,8,1,Potential Loyalists
TB-21355,Todd Boyes,Corporate,East,147.0,5.0,268.967,2,2,3,7,3,Potential Loyalists
TB-21400,Tom Boeckenhauer,Consumer,West,203.0,7.0,1345.1,2,4,5,11,0,Loyal Customers
TB-21520,Tracy Blumstein,Consumer,East,108.0,9.0,-748.5,2,5,1,8,2,Potential Loyalists
TB-21595,Troy Blackwell,Consumer,Central,286.0,5.0,-136.4091,1,2,1,4,1,Needs Attention
TB-21625,Trudy Brown,Consumer,Central,31.0,9.0,379.882,4,5,4,13,4,Champions
TC-20980,Tamara Chand,Corporate,West,400.0,5.0,1345.1,1,2,5,8,1,Potential Loyalists
TC-21145,Theresa Coyne,Corporate,East,107.0,1.0,265.5332,2,1,3,6,3,Needs Attention
TC-21295,Toby Carlisle,Consumer,West,28.0,8.0,606.3727,4,4,4,12,4,Loyal Customers
TC-21475,Tony Chapman,Home Office,South,154.0,9.0,119.104,2,5,2,9,4,Potential Loyalists
TC-21535,Tracy Collins,Home Office,South,5.0,7.0,217.933,5,4,3,12,4,Loyal Customers
TD-20995,Tamara Dahlen,Consumer,East,38.0,9.0,88.1897,4,5,2,11,4,Loyal Customers
TG-21310,Toby Gnade,Consumer,West,338.0,5.0,682.1704,1,3,4,8,1,Potential Loyalists
TG-21640,Trudy Glocke,Consumer,West,115.0,4.0,365.7205,2,2,4,8,3,Potential Loyalists
TH-21100,Thea Hendricks,Consumer,West,345.0,5.0,-135.2125,1,3,1,5,1,Needs Attention
TH-21115,Thea Hudgings,Corporate,East,59.0,4.0,-252.5539,3,2,1,6,3,Needs Attention
TH-21235,Tiffany House,Corporate,Central,118.0,8.0,92.729,2,4,2,8,4,Potential Loyalists
TH-21550,Tracy Hopkins,Home Office,East,73.0,7.0,-571.9678,3,4,1,8,2,Potential Loyalists
TM-21010,Tamara Manning,Consumer,West,104.0,8.0,573.3013,3,4,4,11,4,Loyal Customers
TM-21490,Tony Molinari,Consumer,Central,131.0,3.0,292.52099999999996,2,1,3,6,3,Needs Attention
TN-21040,Tanja Norvell,Home Office,West,91.0,7.0,-692.0452,3,4,1,8,2,Potential Loyalists
TP-21130,Theone Pippenger,Consumer,East,9.0,9.0,1129.1261,5,5,5,15,0,Champions
TP-21415,Tom Prescott,Consumer,West,105.0,5.0,-748.5,2,3,1,6,2,Needs Attention
TP-21565,Tracy Poddar,Corporate,West,351.0,4.0,139.22869999999995,1,2,2,5,1,Needs Attention
TR-21325,Toby Ritter,Consumer,East,194.0,5.0,220.36440000000002,2,3,3,8,3,Potential Loyalists
TS-21085,Thais Sissman,Consumer,West,358.0,2.0,-3.3156,1,1,1,3,1,At Risk
TS-21160,Theresa Swint,Corporate,East,413.5,6.0,260.87440000000004,1,3,3,7,1,Potential Loyalists
TS-21205,Thomas Seio,Corporate,East,199.0,7.0,862.8877,2,4,5,11,0,Loyal Customers
TS-21340,Toby Swindell,Consumer,Central,227.0,5.0,-184.97889999999998,1,3,1,5,1,Needs Attention
TS-21370,Todd Sumrall,Corporate,East,37.0,6.0,1345.1,4,3,5,12,0,Loyal Customers
TS-21430,Tom Stivers,Corporate,West,173.0,5.0,48.70169999999999,2,3,2,7,3,Potential Loyalists
TS-21505,Tony Sayre,Consumer,South,12.0,6.0,11.377899999999983,5,3,2,10,3,Loyal Customers
TS-21610,Troy Staebel,Consumer,West,56.0,7.0,-294.6981,3,4,1,8,2,Potential Loyalists
TS-21655,Trudy Schmidt,Consumer,Central,239.0,5.0,220.91629999999998,1,3,3,7,1,Potential Loyalists
TT-21070,Ted Trevino,Consumer,West,32.0,7.0,751.9567,4,4,5,13,0,Champions
TT-21220,Thomas Thornton,Consumer,Central,184.0,8.0,278.7371,2,4,3,9,4,Potential Loyalists
TT-21265,Tim Taslimi,Corporate,West,407.0,3.0,93.9162,1,1,2,4,1,Needs Attention
TT-21460,Tonja Turnell,Home Office,Central,13.0,7.0,1124.4999,5,4,5,14,0,Champions
TW-21025,Tamara Willingham,Home Office,West,65.0,7.0,737.3905,3,4,5,12,0,Loyal Customers
TZ-21580,Tracy Zic,Consumer,West,36.0,4.0,224.8887,4,2,3,9,3,Potential Loyalists
VB-21745,Victoria Brennan,Corporate,South,55.0,6.0,371.2398,3,3,4,10,3,Loyal Customers
VD-21670,Valerie Dominguez,Consumer,South,413.5,6.0,1345.1,1,3,5,9,1,Potential Loyalists
VF-21715,Vicky Freymann,Home Office,Central,14.0,5.0,-96.27799999999999,5,3,1,9,3,Potential Loyalists
VG-21790,Vivek Gonzalez,Consumer,West,155.0,6.0,143.6268,2,3,2,7,3,Potential Loyalists
VG-21805,Vivek Grady,Corporate,South,287.0,5.0,-52.333,1,3,1,5,1,Needs Attention
VM-21685,Valerie Mitchum,Home Office,East,55.0,7.0,513.5269,3,4,4,11,4,Loyal Customers
VM-21835,Vivian Mathis,Consumer,East,118.0,5.0,116.6373,2,3,2,7,3,Potential Loyalists
VP-21730,Victor Preis,Home Office,West,31.0,3.0,205.3888,4,1,3,8,3,Potential Loyalists
VP-21760,Victoria Pisteka,Corporate,West,76.0,7.0,-748.5,3,4,1,8,2,Potential Loyalists
VS-21820,Vivek Sundaresam,Consumer,West,222.0,4.0,-262.8093,2,2,1,5,1,Needs Attention
VT-21700,Valerie Takahito,Home Office,East,413.5,2.0,-224.08889999999997,1,1,1,3,1,At Risk
VW-21775,Victoria Wilson,Corporate,East,29.0,10.0,-748.5,4,5,1,10,2,Loyal Customers
WB-21850,William Brown,Consumer,East,21.0,11.0,714.3311,5,5,5,15,4,Champions
XP-21865,Xylona Preis,Consumer,West,44.0,11.0,621.23,4,5,4,13,4,Champions
YC-21895,Yoseph Carroll,Corporate,West,5.0,5.0,1305.629,5,3,5,13,0,Champions
YS-21880,Yana Sorensen,Corporate,South,10.0,8.0,1345.1,5,4,5,14,0,Champions
ZC-21910,Zuschuss Carroll,Consumer,West,55.0,12.5,-748.5,3,5,1,9,2,Potential Loyalists
ZD-21925,Zuschuss Donatelli,Consumer,West,203.0,5.0,249.1307,2,3,3,8,3,Potential Loyalists
